TBBmalloc: skip allocation functions replacement in ucrtbase.dll: unknown prologue for function _msize
Blender 4.1.1 (hash e1743a0317bc built 2024-04-15 23:33:30)
Info: Total files 5 | Changed 5 | Failed 0
Info: Saved "CatGray_IP.blend"
15:12:50 | INFO: Draco mesh compression is available, use library at D:\app\blender-4.1.1-windows-x64\4.1\python\lib\site-packages\extern_draco.dll
15:12:50 | INFO: Starting glTF 2.0 export
15:12:50 | INFO: Extracting primitive: Head • continuous shaped surface.001
15:12:50 | INFO: Primitives created: 1
15:12:50 | INFO: Extracting primitive: Ear L • rounded outer shell.001
15:12:50 | INFO: Primitives created: 1
15:12:50 | INFO: Extracting primitive: Ear L • rounded outer shell • perimeter
15:12:50 | INFO: Primitives created: 1
15:12:50 | INFO: Extracting primitive: Ear L • inset pink.001
15:12:50 | INFO: Primitives created: 1
15:12:50 | INFO: Extracting primitive: Ear L • inset pink • perimeter
15:12:50 | INFO: Primitives created: 1
15:12:50 | INFO: Extracting primitive: Ear R • rounded outer shell.001
15:12:50 | INFO: Primitives created: 1
15:12:50 | INFO: Extracting primitive: Ear R • rounded outer shell • perimeter
15:12:50 | INFO: Primitives created: 1
15:12:50 | INFO: Extracting primitive: Ear R • inset pink.001
15:12:50 | INFO: Primitives created: 1
15:12:50 | INFO: Extracting primitive: Ear R • inset pink • perimeter
15:12:50 | INFO: Primitives created: 1
15:12:50 | INFO: Extracting primitive: Eye L • charcoal socket.001
15:12:50 | INFO: Primitives created: 1
15:12:50 | INFO: Extracting primitive: Eye L • amber outer edge.001
15:12:50 | INFO: Primitives created: 1
15:12:50 | INFO: Extracting primitive: Eye L • orange iris.001
15:12:50 | INFO: Primitives created: 1
15:12:50 | INFO: Extracting primitive: Eye L • pupil.001
15:12:50 | INFO: Primitives created: 1
15:12:50 | INFO: Extracting primitive: Eye L • honey crescent
15:12:50 | INFO: Primitives created: 1
15:12:50 | INFO: Extracting primitive: Sphere.009
15:12:50 | INFO: Primitives created: 1
15:12:50 | INFO: Extracting primitive: Sphere.010
15:12:50 | INFO: Primitives created: 1
15:12:50 | INFO: Extracting primitive: Eye R • charcoal socket.001
15:12:50 | INFO: Primitives created: 1
15:12:50 | INFO: Extracting primitive: Eye R • amber outer edge.001
15:12:50 | INFO: Primitives created: 1
15:12:50 | INFO: Extracting primitive: Eye R • orange iris.001
15:12:50 | INFO: Primitives created: 1
15:12:50 | INFO: Extracting primitive: Eye R • pupil.001
15:12:50 | INFO: Primitives created: 1
15:12:50 | INFO: Extracting primitive: Eye R • honey crescent
15:12:50 | INFO: Primitives created: 1
15:12:50 | INFO: Extracting primitive: Sphere.011
15:12:50 | INFO: Primitives created: 1
15:12:50 | INFO: Extracting primitive: Sphere.012
15:12:50 | INFO: Primitives created: 1
15:12:50 | INFO: Extracting primitive: Face • little charcoal nose.001
15:12:50 | INFO: Primitives created: 1
15:12:50 | INFO: Extracting primitive: Face • pink tongue.001
15:12:50 | INFO: Primitives created: 1
15:12:50 | INFO: Extracting primitive: Face • pink tongue • perimeter
15:12:50 | INFO: Primitives created: 1
15:12:50 | INFO: Extracting primitive: Face • philtrum
15:12:50 | INFO: Primitives created: 1
15:12:50 | INFO: Extracting primitive: Face • smile L
15:12:50 | INFO: Primitives created: 1
15:12:50 | INFO: Extracting primitive: Face • smile R
15:12:50 | INFO: Primitives created: 1
15:12:50 | INFO: Extracting primitive: Hoodie • torso before tailoring.001
15:12:51 | INFO: Primitives created: 1
15:12:51 | INFO: Extracting primitive: Leg L • complete paw silhouette.001
15:12:51 | INFO: Primitives created: 1
15:12:51 | INFO: Extracting primitive: Cuff L • rounded rib band.001
15:12:51 | INFO: Primitives created: 1
15:12:51 | INFO: Extracting primitive: Cuff L • inset hem stitch
15:12:51 | INFO: Primitives created: 1
15:12:51 | INFO: Extracting primitive: Hand L • relaxed mitten.001
15:12:51 | INFO: Primitives created: 1
15:12:51 | INFO: Extracting primitive: Cuff R • rounded rib band.001
15:12:51 | INFO: Primitives created: 1
15:12:51 | INFO: Extracting primitive: Cuff R • inset hem stitch
15:12:51 | INFO: Primitives created: 1
15:12:51 | INFO: Extracting primitive: Hand R • relaxed mitten.001
15:12:51 | INFO: Primitives created: 1
15:12:51 | INFO: Extracting primitive: Hood • continuous folded cloth.001
15:12:51 | INFO: Primitives created: 1
15:12:51 | INFO: Extracting primitive: Hood • soft rolled outer hem
15:12:51 | INFO: Primitives created: 1
15:12:51 | INFO: Extracting primitive: Hood • fine perimeter seam
15:12:51 | INFO: Primitives created: 1
15:12:51 | INFO: Extracting primitive: Hood • neckline fold
15:12:51 | INFO: Primitives created: 1
15:12:51 | INFO: Extracting primitive: Neckline • inset white undershirt.001
15:12:51 | INFO: Primitives created: 1
15:12:51 | INFO: Extracting primitive: Hoodie • soft waistband.001
15:12:51 | INFO: Primitives created: 1
15:12:51 | INFO: Extracting primitive: Pocket L • sewn fabric panel.001
15:12:51 | INFO: Primitives created: 1
15:12:51 | INFO: Extracting primitive: Pocket L • hand opening
15:12:52 | INFO: Primitives created: 1
15:12:52 | INFO: Extracting primitive: Pocket L • topstitch
15:12:52 | INFO: Primitives created: 1
15:12:52 | INFO: Extracting primitive: Pocket R • sewn fabric panel.001
15:12:52 | INFO: Primitives created: 1
15:12:52 | INFO: Extracting primitive: Pocket R • hand opening
15:12:52 | INFO: Primitives created: 1
15:12:52 | INFO: Extracting primitive: Pocket R • topstitch
15:12:52 | INFO: Primitives created: 1
15:12:52 | INFO: Extracting primitive: Hoodie • flat zipper placket.001
15:12:52 | INFO: Primitives created: 1
15:12:52 | INFO: Extracting primitive: Hoodie • centered zipper seam
15:12:52 | INFO: Primitives created: 1
15:12:52 | INFO: Extracting primitive: Sphere.013
15:12:52 | INFO: Primitives created: 1
15:12:52 | INFO: Extracting primitive: Hoodie • soft drawcord -0.165
15:12:52 | INFO: Primitives created: 1
15:12:52 | INFO: Extracting primitive: Sphere.014
15:12:52 | INFO: Primitives created: 1
15:12:52 | INFO: Extracting primitive: Hoodie • soft drawcord 0.15
15:12:52 | INFO: Primitives created: 1
15:12:52 | INFO: Extracting primitive: Sphere.015
15:12:52 | INFO: Primitives created: 1
15:12:52 | INFO: Extracting primitive: Tail • continuous upright curl
15:12:52 | INFO: Primitives created: 1
15:12:52 | INFO: Extracting primitive: Sphere.016
15:12:52 | INFO: Primitives created: 1
15:12:52 | INFO: Finished glTF 2.0 export in 2.121905565261841 s

RENDER_VIEW front
Fra:1 Mem:368.97M (Peak 382.14M) | Time:00:05.60 | Mem:0.00M, Peak:0.00M | Scene, ViewLayer | Synchronizing object | Head • continuous shaped surface
Fra:1 Mem:368.97M (Peak 382.14M) | Time:00:05.60 | Mem:0.00M, Peak:0.00M | Scene, ViewLayer | Synchronizing object | Ear L • rounded outer shell • perimeter
Fra:1 Mem:371.69M (Peak 382.14M) | Time:00:05.60 | Mem:0.00M, Peak:0.00M | Scene, ViewLayer | Synchronizing object | Ear L • inset pink • perimeter
Fra:1 Mem:372.01M (Peak 382.14M) | Time:00:05.60 | Mem:0.00M, Peak:0.00M | Scene, ViewLayer | Synchronizing object | Ear L • inset pink
Fra:1 Mem:375.17M (Peak 382.14M) | Time:00:05.61 | Mem:0.00M, Peak:0.00M | Scene, ViewLayer | Synchronizing object | Ear R • rounded outer shell • perimeter
Fra:1 Mem:375.17M (Peak 382.14M) | Time:00:05.61 | Mem:0.00M, Peak:0.00M | Scene, ViewLayer | Synchronizing object | Ear R • rounded outer shell
Fra:1 Mem:379.23M (Peak 382.14M) | Time:00:05.61 | Mem:0.00M, Peak:0.00M | Scene, ViewLayer | Synchronizing object | Ear R • inset pink • perimeter
Fra:1 Mem:379.24M (Peak 382.14M) | Time:00:05.61 | Mem:0.00M, Peak:0.00M | Scene, ViewLayer | Synchronizing object | Ear R • inset pink
Fra:1 Mem:381.41M (Peak 382.14M) | Time:00:05.61 | Mem:0.00M, Peak:0.00M | Scene, ViewLayer | Synchronizing object | Eye L • charcoal socket
Fra:1 Mem:381.41M (Peak 382.14M) | Time:00:05.61 | Mem:0.00M, Peak:0.00M | Scene, ViewLayer | Synchronizing object | Eye L • pupil
Fra:1 Mem:381.46M (Peak 382.14M) | Time:00:05.61 | Mem:0.00M, Peak:0.00M | Scene, ViewLayer | Synchronizing object | Eye L • honey crescent
Fra:1 Mem:383.36M (Peak 383.36M) | Time:00:05.61 | Mem:0.00M, Peak:0.00M | Scene, ViewLayer | Synchronizing object | Eye L • catchlight 1
Fra:1 Mem:383.36M (Peak 383.36M) | Time:00:05.61 | Mem:0.00M, Peak:0.00M | Scene, ViewLayer | Synchronizing object | Eye R • orange iris
Fra:1 Mem:383.42M (Peak 383.42M) | Time:00:05.61 | Mem:0.00M, Peak:0.00M | Scene, ViewLayer | Synchronizing object | Eye R • pupil
Fra:1 Mem:383.47M (Peak 383.47M) | Time:00:05.61 | Mem:0.00M, Peak:0.00M | Scene, ViewLayer | Synchronizing object | Eye R • honey crescent
Fra:1 Mem:385.58M (Peak 385.58M) | Time:00:05.61 | Mem:0.00M, Peak:0.00M | Scene, ViewLayer | Synchronizing object | Eye R • catchlight 1
Fra:1 Mem:385.58M (Peak 385.58M) | Time:00:05.61 | Mem:0.00M, Peak:0.00M | Scene, ViewLayer | Synchronizing object | Face • pink tongue • perimeter
Fra:1 Mem:388.11M (Peak 388.33M) | Time:00:05.62 | Mem:0.00M, Peak:0.00M | Scene, ViewLayer | Synchronizing object | Face • philtrum
Fra:1 Mem:388.16M (Peak 388.33M) | Time:00:05.62 | Mem:0.00M, Peak:0.00M | Scene, ViewLayer | Synchronizing object | Face • smile L
Fra:1 Mem:388.30M (Peak 388.33M) | Time:00:05.62 | Mem:0.00M, Peak:0.00M | Scene, ViewLayer | Synchronizing object | Face • smile R
Fra:1 Mem:388.43M (Peak 388.43M) | Time:00:05.62 | Mem:0.00M, Peak:0.00M | Scene, ViewLayer | Synchronizing object | Cuff L • inset hem stitch
Fra:1 Mem:388.85M (Peak 388.85M) | Time:00:05.62 | Mem:0.00M, Peak:0.00M | Scene, ViewLayer | Synchronizing object | Cuff L • rounded rib band
Fra:1 Mem:423.06M (Peak 423.06M) | Time:00:05.62 | Mem:0.00M, Peak:0.00M | Scene, ViewLayer | Synchronizing object | Cuff R • inset hem stitch
Fra:1 Mem:423.06M (Peak 423.06M) | Time:00:05.62 | Mem:0.00M, Peak:0.00M | Scene, ViewLayer | Synchronizing object | Cuff R • rounded rib band
Fra:1 Mem:440.95M (Peak 440.95M) | Time:00:05.63 | Mem:0.00M, Peak:0.00M | Scene, ViewLayer | Synchronizing object | Hood • soft rolled outer hem
Fra:1 Mem:442.58M (Peak 442.58M) | Time:00:05.63 | Mem:0.00M, Peak:0.00M | Scene, ViewLayer | Synchronizing object | Hand R • relaxed mitten
Fra:1 Mem:442.79M (Peak 442.79M) | Time:00:05.63 | Mem:0.00M, Peak:0.00M | Scene, ViewLayer | Synchronizing object | Hood • continuous folded cloth
Fra:1 Mem:458.50M (Peak 458.50M) | Time:00:05.63 | Mem:0.00M, Peak:0.00M | Scene, ViewLayer | Synchronizing object | Hood • fine perimeter seam
Fra:1 Mem:464.67M (Peak 464.67M) | Time:00:05.64 | Mem:0.00M, Peak:0.00M | Scene, ViewLayer | Synchronizing object | Hood • neckline fold
Fra:1 Mem:475.54M (Peak 475.54M) | Time:00:05.64 | Mem:0.00M, Peak:0.00M | Scene, ViewLayer | Synchronizing object | Neckline • inset white undershirt
Fra:1 Mem:475.55M (Peak 475.55M) | Time:00:05.64 | Mem:0.00M, Peak:0.00M | Scene, ViewLayer | Synchronizing object | Pocket L • hand opening
Fra:1 Mem:477.89M (Peak 478.06M) | Time:00:05.64 | Mem:0.00M, Peak:0.00M | Scene, ViewLayer | Synchronizing object | Pocket L • topstitch
Fra:1 Mem:481.72M (Peak 481.72M) | Time:00:05.64 | Mem:0.00M, Peak:0.00M | Scene, ViewLayer | Synchronizing object | Pocket R • hand opening
Fra:1 Mem:481.72M (Peak 481.72M) | Time:00:05.64 | Mem:0.00M, Peak:0.00M | Scene, ViewLayer | Synchronizing object | Pocket R • sewn fabric panel
Fra:1 Mem:488.75M (Peak 488.75M) | Time:00:05.64 | Mem:0.00M, Peak:0.00M | Scene, ViewLayer | Synchronizing object | Pocket R • topstitch
Fra:1 Mem:486.82M (Peak 489.84M) | Time:00:05.64 | Mem:0.00M, Peak:0.00M | Scene, ViewLayer | Synchronizing object | Hoodie • flat zipper placket
Fra:1 Mem:486.84M (Peak 489.84M) | Time:00:05.64 | Mem:0.00M, Peak:0.00M | Scene, ViewLayer | Synchronizing object | Hoodie • centered zipper seam
Fra:1 Mem:487.13M (Peak 489.84M) | Time:00:05.64 | Mem:0.00M, Peak:0.00M | Scene, ViewLayer | Synchronizing object | Hoodie • small zipper pull
Fra:1 Mem:487.17M (Peak 489.84M) | Time:00:05.64 | Mem:0.00M, Peak:0.00M | Scene, ViewLayer | Synchronizing object | Hoodie • soft drawcord -0.165
Fra:1 Mem:487.36M (Peak 489.84M) | Time:00:05.65 | Mem:0.00M, Peak:0.00M | Scene, ViewLayer | Synchronizing object | Hoodie • soft drawcord 0.15
Fra:1 Mem:487.55M (Peak 489.84M) | Time:00:05.65 | Mem:0.00M, Peak:0.00M | Scene, ViewLayer | Synchronizing object | Tail • continuous upright curl
Fra:1 Mem:487.59M (Peak 489.84M) | Time:00:05.65 | Mem:0.00M, Peak:0.00M | Scene, ViewLayer | Synchronizing object | Hoodie • drawcord tip 0.15
Fra:1 Mem:487.91M (Peak 489.84M) | Time:00:05.65 | Mem:0.00M, Peak:0.00M | Scene, ViewLayer | Synchronizing object | Tail • rounded tip
Fra:1 Mem:487.91M (Peak 489.84M) | Time:00:05.65 | Mem:0.00M, Peak:0.00M | Scene, ViewLayer | Synchronizing object | Studio floor
Fra:1 Mem:488.13M (Peak 489.84M) | Time:00:05.65 | Mem:0.00M, Peak:0.00M | Scene, ViewLayer | Initializing
Fra:1 Mem:354.84M (Peak 489.84M) | Time:00:05.65 | Mem:0.00M, Peak:0.00M | Scene, ViewLayer | Updating Images | Loading CatGray_Fur_BaseColor.png
Fra:1 Mem:363.89M (Peak 489.84M) | Time:00:05.77 | Mem:12.00M, Peak:12.00M | Scene, ViewLayer | Waiting for render to start
Fra:1 Mem:363.89M (Peak 489.84M) | Time:00:05.77 | Mem:12.00M, Peak:12.00M | Scene, ViewLayer | Loading render kernels (may take a few minutes the first time)
Fra:1 Mem:363.89M (Peak 489.84M) | Time:00:05.83 | Mem:12.02M, Peak:12.02M | Scene, ViewLayer | Updating Scene
Fra:1 Mem:363.89M (Peak 489.84M) | Time:00:05.83 | Mem:12.02M, Peak:12.02M | Scene, ViewLayer | Updating Shaders
Fra:1 Mem:363.99M (Peak 489.84M) | Time:00:05.83 | Mem:12.03M, Peak:12.03M | Scene, ViewLayer | Updating Procedurals
Fra:1 Mem:363.99M (Peak 489.84M) | Time:00:05.83 | Mem:12.03M, Peak:12.03M | Scene, ViewLayer | Updating Background
Fra:1 Mem:363.99M (Peak 489.84M) | Time:00:05.83 | Mem:12.03M, Peak:12.03M | Scene, ViewLayer | Updating Camera
Fra:1 Mem:363.99M (Peak 489.84M) | Time:00:05.83 | Mem:12.03M, Peak:12.03M | Scene, ViewLayer | Updating Meshes Flags
Fra:1 Mem:363.99M (Peak 489.84M) | Time:00:05.83 | Mem:12.03M, Peak:12.03M | Scene, ViewLayer | Updating Objects
Fra:1 Mem:363.99M (Peak 489.84M) | Time:00:05.83 | Mem:12.03M, Peak:12.03M | Scene, ViewLayer | Updating Objects | Copying Transformations to device
Fra:1 Mem:364.00M (Peak 489.84M) | Time:00:05.83 | Mem:12.04M, Peak:12.04M | Scene, ViewLayer | Updating Objects | Applying Static Transformations
Fra:1 Mem:364.00M (Peak 489.84M) | Time:00:05.83 | Mem:12.04M, Peak:12.04M | Scene, ViewLayer | Updating Particle Systems
Fra:1 Mem:364.00M (Peak 489.84M) | Time:00:05.83 | Mem:12.04M, Peak:12.04M | Scene, ViewLayer | Updating Particle Systems | Copying Particles to device
Fra:1 Mem:364.00M (Peak 489.84M) | Time:00:05.83 | Mem:12.04M, Peak:12.04M | Scene, ViewLayer | Updating Meshes
Fra:1 Mem:387.93M (Peak 489.84M) | Time:00:05.86 | Mem:12.04M, Peak:12.04M | Scene, ViewLayer | Updating Mesh | Computing attributes
Fra:1 Mem:397.82M (Peak 489.84M) | Time:00:05.86 | Mem:12.05M, Peak:12.05M | Scene, ViewLayer | Updating Mesh | Copying Attributes to device
Fra:1 Mem:397.81M (Peak 489.84M) | Time:00:05.87 | Mem:21.92M, Peak:21.92M | Scene, ViewLayer | Updating Geometry BVH Ear L • inset pink 4/59 | Building BVH
Fra:1 Mem:397.81M (Peak 489.84M) | Time:00:05.87 | Mem:21.92M, Peak:21.92M | Scene, ViewLayer | Updating Geometry BVH Eye R • amber outer edge 18/59 | Building BVH
Fra:1 Mem:397.81M (Peak 489.84M) | Time:00:05.87 | Mem:21.92M, Peak:21.92M | Scene, ViewLayer | Updating Geometry BVH Ear R • inset pink • perimeter 9/59 | Building OptiX acceleration structure
Fra:1 Mem:401.39M (Peak 489.84M) | Time:00:05.87 | Mem:25.55M, Peak:25.75M | Scene, ViewLayer | Updating Geometry BVH Eye R • pupil 20/59 | Building BVH
Fra:1 Mem:401.39M (Peak 489.84M) | Time:00:05.87 | Mem:25.83M, Peak:25.83M | Scene, ViewLayer | Updating Geometry BVH Eye R • pupil 20/59 | Building OptiX acceleration structure
Fra:1 Mem:401.38M (Peak 489.84M) | Time:00:05.87 | Mem:25.88M, Peak:25.88M | Scene, ViewLayer | Updating Geometry BVH Eye R • honey crescent 21/59 | Building BVH
Fra:1 Mem:401.38M (Peak 489.84M) | Time:00:05.87 | Mem:25.88M, Peak:25.88M | Scene, ViewLayer | Updating Geometry BVH Eye R • honey crescent 21/59 | Building OptiX acceleration structure
Fra:1 Mem:401.64M (Peak 489.84M) | Time:00:05.87 | Mem:25.93M, Peak:26.20M | Scene, ViewLayer | Updating Geometry BVH Sphere.002 22/59 | Building BVH
Fra:1 Mem:401.64M (Peak 489.84M) | Time:00:05.87 | Mem:25.98M, Peak:26.20M | Scene, ViewLayer | Updating Geometry BVH Sphere.002 22/59 | Building OptiX acceleration structure
Fra:1 Mem:401.66M (Peak 489.84M) | Time:00:05.87 | Mem:25.97M, Peak:26.20M | Scene, ViewLayer | Updating Geometry BVH Sphere.003 23/59 | Building BVH
Fra:1 Mem:401.66M (Peak 489.84M) | Time:00:05.87 | Mem:26.15M, Peak:26.20M | Scene, ViewLayer | Updating Geometry BVH Sphere.003 23/59 | Building OptiX acceleration structure
Fra:1 Mem:401.66M (Peak 489.84M) | Time:00:05.87 | Mem:26.01M, Peak:26.20M | Scene, ViewLayer | Updating Geometry BVH Face • little charcoal nose 24/59 | Building BVH
Fra:1 Mem:401.66M (Peak 489.84M) | Time:00:05.87 | Mem:26.21M, Peak:26.21M | Scene, ViewLayer | Updating Geometry BVH Face • little charcoal nose 24/59 | Building OptiX acceleration structure
Fra:1 Mem:401.64M (Peak 489.84M) | Time:00:05.88 | Mem:26.03M, Peak:26.23M | Scene, ViewLayer | Updating Geometry BVH Face • pink tongue 25/59 | Building BVH
Fra:1 Mem:401.64M (Peak 489.84M) | Time:00:05.88 | Mem:26.03M, Peak:26.23M | Scene, ViewLayer | Updating Geometry BVH Face • pink tongue 25/59 | Building OptiX acceleration structure
Fra:1 Mem:401.13M (Peak 489.84M) | Time:00:05.88 | Mem:26.29M, Peak:28.71M | Scene, ViewLayer | Updating Geometry BVH Face • pink tongue • perimeter 26/59 | Building BVH
Fra:1 Mem:401.13M (Peak 489.84M) | Time:00:05.88 | Mem:26.29M, Peak:28.71M | Scene, ViewLayer | Updating Geometry BVH Face • pink tongue • perimeter 26/59 | Building OptiX acceleration structure
Fra:1 Mem:401.62M (Peak 489.84M) | Time:00:05.88 | Mem:26.62M, Peak:28.71M | Scene, ViewLayer | Updating Geometry BVH Face • philtrum 27/59 | Building BVH
Fra:1 Mem:401.62M (Peak 489.84M) | Time:00:05.88 | Mem:27.80M, Peak:28.71M | Scene, ViewLayer | Updating Geometry BVH Face • philtrum 27/59 | Building OptiX acceleration structure
Fra:1 Mem:401.10M (Peak 489.84M) | Time:00:05.88 | Mem:26.66M, Peak:29.29M | Scene, ViewLayer | Updating Geometry BVH Face • smile L 28/59 | Building BVH
Fra:1 Mem:401.10M (Peak 489.84M) | Time:00:05.88 | Mem:26.86M, Peak:29.29M | Scene, ViewLayer | Updating Geometry BVH Face • smile L 28/59 | Building OptiX acceleration structure
Fra:1 Mem:401.09M (Peak 489.84M) | Time:00:05.88 | Mem:26.70M, Peak:29.29M | Scene, ViewLayer | Updating Geometry BVH Face • smile R 29/59 | Building BVH
Fra:1 Mem:401.09M (Peak 489.84M) | Time:00:05.88 | Mem:26.70M, Peak:29.29M | Scene, ViewLayer | Updating Geometry BVH Face • smile R 29/59 | Building OptiX acceleration structure
Fra:1 Mem:400.45M (Peak 489.84M) | Time:00:05.88 | Mem:26.85M, Peak:29.43M | Scene, ViewLayer | Updating Geometry BVH Sphere.008 58/59 | Building BVH
Fra:1 Mem:400.45M (Peak 489.84M) | Time:00:05.88 | Mem:26.85M, Peak:29.43M | Scene, ViewLayer | Updating Geometry BVH Sphere.008 58/59 | Building OptiX acceleration structure
Fra:1 Mem:400.51M (Peak 489.84M) | Time:00:05.88 | Mem:29.56M, Peak:29.56M | Scene, ViewLayer | Updating Geometry BVH Hoodie • torso before tailoring 30/59 | Building BVH
Fra:1 Mem:400.51M (Peak 489.84M) | Time:00:05.88 | Mem:29.56M, Peak:29.56M | Scene, ViewLayer | Updating Geometry BVH Hoodie • torso before tailoring 30/59 | Building OptiX acceleration structure
Fra:1 Mem:405.74M (Peak 489.84M) | Time:00:05.88 | Mem:27.09M, Peak:29.56M | Scene, ViewLayer | Updating Geometry BVH Leg L • complete paw silhouette 31/59 | Building BVH
Fra:1 Mem:405.74M (Peak 489.84M) | Time:00:05.88 | Mem:27.09M, Peak:29.56M | Scene, ViewLayer | Updating Geometry BVH Leg L • complete paw silhouette 31/59 | Building OptiX acceleration structure
Fra:1 Mem:413.11M (Peak 489.84M) | Time:00:05.89 | Mem:26.99M, Peak:29.56M | Scene, ViewLayer | Updating Geometry BVH Cuff L • rounded rib band 32/59 | Building BVH
Fra:1 Mem:413.11M (Peak 489.84M) | Time:00:05.89 | Mem:27.06M, Peak:29.56M | Scene, ViewLayer | Updating Geometry BVH Cuff L • rounded rib band 32/59 | Building OptiX acceleration structure
Fra:1 Mem:413.27M (Peak 489.84M) | Time:00:05.89 | Mem:28.30M, Peak:29.56M | Scene, ViewLayer | Updating Geometry BVH Cuff L • inset hem stitch 33/59 | Building BVH
Fra:1 Mem:413.27M (Peak 489.84M) | Time:00:05.89 | Mem:28.30M, Peak:29.56M | Scene, ViewLayer | Updating Geometry BVH Cuff L • inset hem stitch 33/59 | Building OptiX acceleration structure
Fra:1 Mem:415.82M (Peak 489.84M) | Time:00:05.89 | Mem:43.58M, Peak:45.41M | Scene, ViewLayer | Updating Geometry BVH Hand L • relaxed mitten 34/59 | Building BVH
Fra:1 Mem:415.82M (Peak 489.84M) | Time:00:05.89 | Mem:43.58M, Peak:45.41M | Scene, ViewLayer | Updating Geometry BVH Hand L • relaxed mitten 34/59 | Building OptiX acceleration structure
Fra:1 Mem:416.13M (Peak 489.84M) | Time:00:05.89 | Mem:43.95M, Peak:45.41M | Scene, ViewLayer | Updating Geometry BVH Cuff R • rounded rib band 35/59 | Building BVH
Fra:1 Mem:416.13M (Peak 489.84M) | Time:00:05.89 | Mem:43.95M, Peak:45.41M | Scene, ViewLayer | Updating Geometry BVH Cuff R • rounded rib band 35/59 | Building OptiX acceleration structure
Fra:1 Mem:416.27M (Peak 489.84M) | Time:00:05.89 | Mem:44.13M, Peak:45.41M | Scene, ViewLayer | Updating Geometry BVH Cuff R • inset hem stitch 36/59 | Building BVH
Fra:1 Mem:416.27M (Peak 489.84M) | Time:00:05.89 | Mem:44.13M, Peak:45.41M | Scene, ViewLayer | Updating Geometry BVH Cuff R • inset hem stitch 36/59 | Building OptiX acceleration structure
Fra:1 Mem:416.93M (Peak 489.84M) | Time:00:05.90 | Mem:45.35M, Peak:45.41M | Scene, ViewLayer | Updating Geometry BVH Hand R • relaxed mitten 37/59 | Building BVH
Fra:1 Mem:416.93M (Peak 489.84M) | Time:00:05.90 | Mem:45.35M, Peak:45.41M | Scene, ViewLayer | Updating Geometry BVH Hand R • relaxed mitten 37/59 | Building OptiX acceleration structure
Fra:1 Mem:416.96M (Peak 489.84M) | Time:00:05.90 | Mem:45.19M, Peak:46.59M | Scene, ViewLayer | Updating Geometry BVH Hood • continuous folded cloth 38/59 | Building BVH
Fra:1 Mem:416.96M (Peak 489.84M) | Time:00:05.90 | Mem:45.19M, Peak:46.59M | Scene, ViewLayer | Updating Geometry BVH Hood • continuous folded cloth 38/59 | Building OptiX acceleration structure
Fra:1 Mem:418.21M (Peak 489.84M) | Time:00:05.90 | Mem:44.99M, Peak:46.59M | Scene, ViewLayer | Updating Geometry BVH Hood • soft rolled outer hem 39/59 | Building BVH
Fra:1 Mem:418.21M (Peak 489.84M) | Time:00:05.90 | Mem:44.99M, Peak:46.59M | Scene, ViewLayer | Updating Geometry BVH Hood • soft rolled outer hem 39/59 | Building OptiX acceleration structure
Fra:1 Mem:418.77M (Peak 489.84M) | Time:00:05.90 | Mem:47.35M, Peak:48.38M | Scene, ViewLayer | Updating Geometry BVH Hood • fine perimeter seam 40/59 | Building BVH
Fra:1 Mem:418.77M (Peak 489.84M) | Time:00:05.90 | Mem:47.35M, Peak:48.38M | Scene, ViewLayer | Updating Geometry BVH Hood • fine perimeter seam 40/59 | Building OptiX acceleration structure
Fra:1 Mem:419.61M (Peak 489.84M) | Time:00:05.90 | Mem:48.23M, Peak:48.38M | Scene, ViewLayer | Updating Geometry BVH Hood • neckline fold 41/59 | Building BVH
Fra:1 Mem:419.61M (Peak 489.84M) | Time:00:05.90 | Mem:48.23M, Peak:48.38M | Scene, ViewLayer | Updating Geometry BVH Hood • neckline fold 41/59 | Building OptiX acceleration structure
Fra:1 Mem:420.46M (Peak 489.84M) | Time:00:05.90 | Mem:48.16M, Peak:48.38M | Scene, ViewLayer | Updating Geometry BVH Neckline • inset white undershirt 42/59 | Building BVH
Fra:1 Mem:420.46M (Peak 489.84M) | Time:00:05.90 | Mem:48.16M, Peak:48.38M | Scene, ViewLayer | Updating Geometry BVH Neckline • inset white undershirt 42/59 | Building OptiX acceleration structure
Fra:1 Mem:420.46M (Peak 489.84M) | Time:00:05.90 | Mem:48.95M, Peak:49.05M | Scene, ViewLayer | Updating Geometry BVH Hoodie • soft waistband 43/59 | Building BVH
Fra:1 Mem:420.46M (Peak 489.84M) | Time:00:05.90 | Mem:49.07M, Peak:49.07M | Scene, ViewLayer | Updating Geometry BVH Hoodie • soft waistband 43/59 | Building OptiX acceleration structure
Fra:1 Mem:420.81M (Peak 489.84M) | Time:00:05.91 | Mem:49.33M, Peak:49.42M | Scene, ViewLayer | Updating Geometry BVH Pocket L • sewn fabric panel 44/59 | Building BVH
Fra:1 Mem:420.81M (Peak 489.84M) | Time:00:05.91 | Mem:50.50M, Peak:50.50M | Scene, ViewLayer | Updating Geometry BVH Pocket L • sewn fabric panel 44/59 | Building OptiX acceleration structure
Fra:1 Mem:420.38M (Peak 489.84M) | Time:00:05.91 | Mem:49.53M, Peak:52.09M | Scene, ViewLayer | Updating Geometry BVH Pocket L • hand opening 45/59 | Building BVH
Fra:1 Mem:420.38M (Peak 489.84M) | Time:00:05.91 | Mem:49.53M, Peak:52.09M | Scene, ViewLayer | Updating Geometry BVH Pocket L • hand opening 45/59 | Building OptiX acceleration structure
Fra:1 Mem:421.07M (Peak 489.84M) | Time:00:05.91 | Mem:49.89M, Peak:52.09M | Scene, ViewLayer | Updating Geometry BVH Pocket L • topstitch 46/59 | Building BVH
Fra:1 Mem:421.07M (Peak 489.84M) | Time:00:05.91 | Mem:49.89M, Peak:52.09M | Scene, ViewLayer | Updating Geometry BVH Pocket L • topstitch 46/59 | Building OptiX acceleration structure
Fra:1 Mem:421.52M (Peak 489.84M) | Time:00:05.91 | Mem:50.66M, Peak:52.09M | Scene, ViewLayer | Updating Geometry BVH Pocket R • sewn fabric panel 47/59 | Building BVH
Fra:1 Mem:421.52M (Peak 489.84M) | Time:00:05.91 | Mem:50.83M, Peak:52.09M | Scene, ViewLayer | Updating Geometry BVH Pocket R • sewn fabric panel 47/59 | Building OptiX acceleration structure
Fra:1 Mem:421.59M (Peak 489.84M) | Time:00:05.91 | Mem:51.06M, Peak:52.09M | Scene, ViewLayer | Updating Geometry BVH Pocket R • hand opening 48/59 | Building BVH
Fra:1 Mem:421.59M (Peak 489.84M) | Time:00:05.91 | Mem:51.06M, Peak:52.09M | Scene, ViewLayer | Updating Geometry BVH Pocket R • hand opening 48/59 | Building OptiX acceleration structure
Fra:1 Mem:422.24M (Peak 489.84M) | Time:00:05.91 | Mem:51.48M, Peak:52.09M | Scene, ViewLayer | Updating Geometry BVH Tail • continuous upright curl 57/59 | Building BVH
Fra:1 Mem:422.24M (Peak 489.84M) | Time:00:05.91 | Mem:52.39M, Peak:52.39M | Scene, ViewLayer | Updating Geometry BVH Tail • continuous upright curl 57/59 | Building OptiX acceleration structure
Fra:1 Mem:422.13M (Peak 489.84M) | Time:00:05.91 | Mem:51.59M, Peak:52.47M | Scene, ViewLayer | Updating Geometry BVH Pocket R • topstitch 49/59 | Building BVH
Fra:1 Mem:422.13M (Peak 489.84M) | Time:00:05.91 | Mem:51.59M, Peak:52.47M | Scene, ViewLayer | Updating Geometry BVH Pocket R • topstitch 49/59 | Building OptiX acceleration structure
Fra:1 Mem:413.01M (Peak 489.84M) | Time:00:05.92 | Mem:56.70M, Peak:100.41M | Scene, ViewLayer | Updating Geometry BVH Hoodie • flat zipper placket 50/59 | Building BVH
Fra:1 Mem:413.01M (Peak 489.84M) | Time:00:05.92 | Mem:56.70M, Peak:100.41M | Scene, ViewLayer | Updating Geometry BVH Hoodie • flat zipper placket 50/59 | Building OptiX acceleration structure
Fra:1 Mem:412.34M (Peak 489.84M) | Time:00:05.92 | Mem:53.22M, Peak:100.41M | Scene, ViewLayer | Updating Geometry BVH Hoodie • centered zipper seam 51/59 | Building BVH
Fra:1 Mem:412.34M (Peak 489.84M) | Time:00:05.92 | Mem:53.22M, Peak:100.41M | Scene, ViewLayer | Updating Geometry BVH Hoodie • centered zipper seam 51/59 | Building OptiX acceleration structure
Fra:1 Mem:406.45M (Peak 489.84M) | Time:00:05.93 | Mem:55.86M, Peak:100.41M | Scene, ViewLayer | Updating Geometry BVH Sphere.005 52/59 | Building BVH
Fra:1 Mem:406.45M (Peak 489.84M) | Time:00:05.93 | Mem:55.86M, Peak:100.41M | Scene, ViewLayer | Updating Geometry BVH Sphere.005 52/59 | Building OptiX acceleration structure
Fra:1 Mem:406.12M (Peak 489.84M) | Time:00:05.93 | Mem:54.59M, Peak:100.41M | Scene, ViewLayer | Updating Geometry BVH Hoodie • soft drawcord -0.165 53/59 | Building BVH
Fra:1 Mem:406.12M (Peak 489.84M) | Time:00:05.93 | Mem:54.59M, Peak:100.41M | Scene, ViewLayer | Updating Geometry BVH Hoodie • soft drawcord -0.165 53/59 | Building OptiX acceleration structure
Fra:1 Mem:405.98M (Peak 489.84M) | Time:00:05.93 | Mem:54.26M, Peak:100.41M | Scene, ViewLayer | Updating Geometry BVH Sphere.006 54/59 | Building BVH
Fra:1 Mem:405.98M (Peak 489.84M) | Time:00:05.93 | Mem:54.26M, Peak:100.41M | Scene, ViewLayer | Updating Geometry BVH Sphere.006 54/59 | Building OptiX acceleration structure
Fra:1 Mem:405.29M (Peak 489.84M) | Time:00:05.93 | Mem:54.30M, Peak:100.41M | Scene, ViewLayer | Updating Geometry BVH Hoodie • soft drawcord 0.15 55/59 | Building BVH
Fra:1 Mem:405.29M (Peak 489.84M) | Time:00:05.93 | Mem:55.08M, Peak:100.41M | Scene, ViewLayer | Updating Geometry BVH Hoodie • soft drawcord 0.15 55/59 | Building OptiX acceleration structure
Fra:1 Mem:404.97M (Peak 489.84M) | Time:00:05.93 | Mem:54.40M, Peak:100.41M | Scene, ViewLayer | Updating Geometry BVH Sphere.007 56/59 | Building BVH
Fra:1 Mem:404.97M (Peak 489.84M) | Time:00:05.93 | Mem:54.40M, Peak:100.41M | Scene, ViewLayer | Updating Geometry BVH Sphere.007 56/59 | Building OptiX acceleration structure
Fra:1 Mem:397.81M (Peak 489.84M) | Time:00:05.95 | Mem:55.10M, Peak:100.41M | Scene, ViewLayer | Updating Scene BVH | Building
Fra:1 Mem:397.81M (Peak 489.84M) | Time:00:05.95 | Mem:55.10M, Peak:100.41M | Scene, ViewLayer | Updating Scene BVH | Building OptiX acceleration structure
Fra:1 Mem:397.81M (Peak 489.84M) | Time:00:05.95 | Mem:55.11M, Peak:100.41M | Scene, ViewLayer | Updating Scene BVH | Copying BVH to device
Fra:1 Mem:397.81M (Peak 489.84M) | Time:00:05.95 | Mem:55.11M, Peak:100.41M | Scene, ViewLayer | Updating Mesh | Computing normals
Fra:1 Mem:451.71M (Peak 489.84M) | Time:00:05.98 | Mem:55.11M, Peak:100.41M | Scene, ViewLayer | Updating Mesh | Copying Mesh to device
Fra:1 Mem:451.71M (Peak 489.84M) | Time:00:05.99 | Mem:109.01M, Peak:109.01M | Scene, ViewLayer | Updating Objects Flags
Fra:1 Mem:451.71M (Peak 489.84M) | Time:00:05.99 | Mem:109.01M, Peak:109.01M | Scene, ViewLayer | Updating Primitive Offsets
Fra:1 Mem:451.71M (Peak 489.84M) | Time:00:05.99 | Mem:109.01M, Peak:109.01M | Scene, ViewLayer | Updating Images
Fra:1 Mem:451.71M (Peak 489.84M) | Time:00:05.99 | Mem:109.01M, Peak:109.01M | Scene, ViewLayer | Updating Camera Volume
Fra:1 Mem:451.71M (Peak 489.84M) | Time:00:05.99 | Mem:109.01M, Peak:109.01M | Scene, ViewLayer | Updating Lookup Tables
Fra:1 Mem:451.71M (Peak 489.84M) | Time:00:05.99 | Mem:109.09M, Peak:109.09M | Scene, ViewLayer | Updating Lights
Fra:1 Mem:451.71M (Peak 489.84M) | Time:00:05.99 | Mem:109.09M, Peak:109.09M | Scene, ViewLayer | Updating Lights | Computing distribution
Fra:1 Mem:451.71M (Peak 489.84M) | Time:00:05.99 | Mem:109.09M, Peak:109.09M | Scene, ViewLayer | Updating Lights | Computing tree
Fra:1 Mem:451.71M (Peak 489.84M) | Time:00:05.99 | Mem:109.09M, Peak:109.09M | Scene, ViewLayer | Updating Integrator
Fra:1 Mem:452.71M (Peak 489.84M) | Time:00:06.00 | Mem:110.09M, Peak:110.09M | Scene, ViewLayer | Updating Film
Fra:1 Mem:452.72M (Peak 489.84M) | Time:00:06.00 | Mem:110.01M, Peak:110.09M | Scene, ViewLayer | Updating Lookup Tables
Fra:1 Mem:452.72M (Peak 489.84M) | Time:00:06.00 | Mem:110.09M, Peak:110.09M | Scene, ViewLayer | Updating Baking
Fra:1 Mem:452.72M (Peak 489.84M) | Time:00:06.00 | Mem:110.09M, Peak:110.09M | Scene, ViewLayer | Updating Device | Writing constant memory
Fra:1 Mem:452.72M (Peak 489.84M) | Time:00:06.00 | Mem:110.09M, Peak:110.09M | Scene, ViewLayer | Loading denoising kernels (may take a few minutes the first time)
Fra:1 Mem:456.72M (Peak 489.84M) | Time:00:06.01 | Mem:450.10M, Peak:450.10M | Scene, ViewLayer | Sample 0/96
Fra:1 Mem:561.10M (Peak 561.10M) | Time:00:06.03 | Remaining:00:02.19 | Mem:554.47M, Peak:554.47M | Scene, ViewLayer | Sample 1/96
Fra:1 Mem:561.11M (Peak 561.11M) | Time:00:06.96 | Remaining:00:00.18 | Mem:554.48M, Peak:554.48M | Scene, ViewLayer | Sample 80/96
Fra:1 Mem:605.05M (Peak 670.98M) | Time:00:08.30 | Mem:554.48M, Peak:554.48M | Scene, ViewLayer | Sample 96/96
Fra:1 Mem:605.05M (Peak 670.98M) | Time:00:08.30 | Mem:554.48M, Peak:554.48M | Scene, ViewLayer | Finished
Saved: 'E:\code\catgrayprj\CatGrayWiki\logo\ip\model_3d\preview_front.png'
Time: 00:08.46 (Saving: 00:00.10)

RENDER_VIEW side
Fra:1 Mem:371.54M (Peak 372.70M) | Time:00:05.16 | Mem:0.00M, Peak:0.00M | Scene, ViewLayer | Synchronizing object | Head • continuous shaped surface
Fra:1 Mem:371.54M (Peak 372.70M) | Time:00:05.16 | Mem:0.00M, Peak:0.00M | Scene, ViewLayer | Synchronizing object | Ear L • rounded outer shell • perimeter
Fra:1 Mem:376.04M (Peak 376.04M) | Time:00:05.16 | Mem:0.00M, Peak:0.00M | Scene, ViewLayer | Synchronizing object | Ear L • inset pink
Fra:1 Mem:376.04M (Peak 376.04M) | Time:00:05.16 | Mem:0.00M, Peak:0.00M | Scene, ViewLayer | Synchronizing object | Ear L • inset pink • perimeter
Fra:1 Mem:378.18M (Peak 378.39M) | Time:00:05.16 | Mem:0.00M, Peak:0.00M | Scene, ViewLayer | Synchronizing object | Ear R • rounded outer shell • perimeter
Fra:1 Mem:378.18M (Peak 378.39M) | Time:00:05.16 | Mem:0.00M, Peak:0.00M | Scene, ViewLayer | Synchronizing object | Ear R • rounded outer shell
Fra:1 Mem:380.47M (Peak 380.69M) | Time:00:05.16 | Mem:0.00M, Peak:0.00M | Scene, ViewLayer | Synchronizing object | Ear R • inset pink • perimeter
Fra:1 Mem:380.47M (Peak 380.69M) | Time:00:05.16 | Mem:0.00M, Peak:0.00M | Scene, ViewLayer | Synchronizing object | Ear R • inset pink
Fra:1 Mem:382.61M (Peak 382.82M) | Time:00:05.16 | Mem:0.00M, Peak:0.00M | Scene, ViewLayer | Synchronizing object | Eye L • charcoal socket
Fra:1 Mem:382.66M (Peak 382.82M) | Time:00:05.16 | Mem:0.00M, Peak:0.00M | Scene, ViewLayer | Synchronizing object | Eye L • amber outer edge
Fra:1 Mem:382.69M (Peak 382.82M) | Time:00:05.16 | Mem:0.00M, Peak:0.00M | Scene, ViewLayer | Synchronizing object | Eye L • honey crescent
Fra:1 Mem:384.25M (Peak 384.25M) | Time:00:05.16 | Mem:0.00M, Peak:0.00M | Scene, ViewLayer | Synchronizing object | Eye L • catchlight 1
Fra:1 Mem:384.25M (Peak 384.25M) | Time:00:05.16 | Mem:0.00M, Peak:0.00M | Scene, ViewLayer | Synchronizing object | Eye R • charcoal socket
Fra:1 Mem:384.37M (Peak 384.37M) | Time:00:05.16 | Mem:0.00M, Peak:0.00M | Scene, ViewLayer | Synchronizing object | Eye R • honey crescent
Fra:1 Mem:386.04M (Peak 386.04M) | Time:00:05.16 | Mem:0.00M, Peak:0.00M | Scene, ViewLayer | Synchronizing object | Eye R • catchlight 1
Fra:1 Mem:386.04M (Peak 386.04M) | Time:00:05.16 | Mem:0.00M, Peak:0.00M | Scene, ViewLayer | Synchronizing object | Face • pink tongue • perimeter
Fra:1 Mem:388.35M (Peak 388.56M) | Time:00:05.17 | Mem:0.00M, Peak:0.00M | Scene, ViewLayer | Synchronizing object | Face • philtrum
Fra:1 Mem:388.40M (Peak 388.56M) | Time:00:05.17 | Mem:0.00M, Peak:0.00M | Scene, ViewLayer | Synchronizing object | Face • smile L
Fra:1 Mem:388.53M (Peak 388.56M) | Time:00:05.17 | Mem:0.00M, Peak:0.00M | Scene, ViewLayer | Synchronizing object | Face • smile R
Fra:1 Mem:388.67M (Peak 388.67M) | Time:00:05.17 | Mem:0.00M, Peak:0.00M | Scene, ViewLayer | Synchronizing object | Hoodie • continuous torso and sleeves
Fra:1 Mem:388.67M (Peak 388.67M) | Time:00:05.17 | Mem:0.00M, Peak:0.00M | Scene, ViewLayer | Synchronizing object | Cuff L • rounded rib band
Fra:1 Mem:427.14M (Peak 427.14M) | Time:00:05.17 | Mem:0.00M, Peak:0.00M | Scene, ViewLayer | Synchronizing object | Hand L • relaxed mitten
Fra:1 Mem:427.14M (Peak 427.14M) | Time:00:05.17 | Mem:0.00M, Peak:0.00M | Scene, ViewLayer | Synchronizing object | Cuff R • rounded rib band
Fra:1 Mem:427.35M (Peak 427.35M) | Time:00:05.17 | Mem:0.00M, Peak:0.00M | Scene, ViewLayer | Synchronizing object | Cuff R • inset hem stitch
Fra:1 Mem:440.95M (Peak 440.95M) | Time:00:05.17 | Mem:0.00M, Peak:0.00M | Scene, ViewLayer | Synchronizing object | Hood • soft rolled outer hem
Fra:1 Mem:441.48M (Peak 441.48M) | Time:00:05.17 | Mem:0.00M, Peak:0.00M | Scene, ViewLayer | Synchronizing object | Hand R • relaxed mitten
Fra:1 Mem:445.53M (Peak 445.53M) | Time:00:05.17 | Mem:0.00M, Peak:0.00M | Scene, ViewLayer | Synchronizing object | Hood • continuous folded cloth
Fra:1 Mem:458.28M (Peak 458.28M) | Time:00:05.17 | Mem:0.00M, Peak:0.00M | Scene, ViewLayer | Synchronizing object | Hood • fine perimeter seam
Fra:1 Mem:464.90M (Peak 465.24M) | Time:00:05.18 | Mem:0.00M, Peak:0.00M | Scene, ViewLayer | Synchronizing object | Hood • neckline fold
Fra:1 Mem:473.41M (Peak 474.99M) | Time:00:05.18 | Mem:0.00M, Peak:0.00M | Scene, ViewLayer | Synchronizing object | Neckline • inset white undershirt
Fra:1 Mem:475.33M (Peak 475.33M) | Time:00:05.18 | Mem:0.00M, Peak:0.00M | Scene, ViewLayer | Synchronizing object | Pocket L • hand opening
Fra:1 Mem:483.86M (Peak 483.86M) | Time:00:05.18 | Mem:0.00M, Peak:0.00M | Scene, ViewLayer | Synchronizing object | Pocket L • topstitch
Fra:1 Mem:481.93M (Peak 484.95M) | Time:00:05.19 | Mem:0.00M, Peak:0.00M | Scene, ViewLayer | Synchronizing object | Pocket R • hand opening
Fra:1 Mem:481.93M (Peak 484.95M) | Time:00:05.19 | Mem:0.00M, Peak:0.00M | Scene, ViewLayer | Synchronizing object | Pocket R • sewn fabric panel
Fra:1 Mem:485.11M (Peak 485.11M) | Time:00:05.19 | Mem:0.00M, Peak:0.00M | Scene, ViewLayer | Synchronizing object | Pocket R • topstitch
Fra:1 Mem:487.02M (Peak 487.22M) | Time:00:05.19 | Mem:0.00M, Peak:0.00M | Scene, ViewLayer | Synchronizing object | Hoodie • centered zipper seam
Fra:1 Mem:487.05M (Peak 487.22M) | Time:00:05.19 | Mem:0.00M, Peak:0.00M | Scene, ViewLayer | Synchronizing object | Hoodie • flat zipper placket
Fra:1 Mem:487.34M (Peak 487.34M) | Time:00:05.19 | Mem:0.00M, Peak:0.00M | Scene, ViewLayer | Synchronizing object | Hoodie • soft drawcord -0.165
Fra:1 Mem:487.40M (Peak 487.40M) | Time:00:05.19 | Mem:0.00M, Peak:0.00M | Scene, ViewLayer | Synchronizing object | Hoodie • small zipper pull
Fra:1 Mem:487.52M (Peak 487.52M) | Time:00:05.19 | Mem:0.00M, Peak:0.00M | Scene, ViewLayer | Synchronizing object | Hoodie • soft drawcord 0.15
Fra:1 Mem:487.54M (Peak 487.54M) | Time:00:05.19 | Mem:0.00M, Peak:0.00M | Scene, ViewLayer | Synchronizing object | Hoodie • drawcord tip -0.165
Fra:1 Mem:487.68M (Peak 487.68M) | Time:00:05.19 | Mem:0.00M, Peak:0.00M | Scene, ViewLayer | Synchronizing object | Tail • continuous upright curl
Fra:1 Mem:487.68M (Peak 487.68M) | Time:00:05.19 | Mem:0.00M, Peak:0.00M | Scene, ViewLayer | Synchronizing object | Hoodie • drawcord tip 0.15
Fra:1 Mem:488.02M (Peak 488.02M) | Time:00:05.19 | Mem:0.00M, Peak:0.00M | Scene, ViewLayer | Synchronizing object | Tail • rounded tip
Fra:1 Mem:488.02M (Peak 488.02M) | Time:00:05.19 | Mem:0.00M, Peak:0.00M | Scene, ViewLayer | Synchronizing object | Studio floor
Fra:1 Mem:488.13M (Peak 488.13M) | Time:00:05.19 | Mem:0.00M, Peak:0.00M | Scene, ViewLayer | Initializing
Fra:1 Mem:354.84M (Peak 488.13M) | Time:00:05.20 | Mem:0.00M, Peak:0.00M | Scene, ViewLayer | Updating Images | Loading CatGray_Fur_BaseColor.png
Fra:1 Mem:363.89M (Peak 488.13M) | Time:00:05.30 | Mem:12.00M, Peak:12.00M | Scene, ViewLayer | Waiting for render to start
Fra:1 Mem:363.89M (Peak 488.13M) | Time:00:05.30 | Mem:12.00M, Peak:12.00M | Scene, ViewLayer | Loading render kernels (may take a few minutes the first time)
Fra:1 Mem:363.89M (Peak 488.13M) | Time:00:05.37 | Mem:12.02M, Peak:12.02M | Scene, ViewLayer | Updating Scene
Fra:1 Mem:363.89M (Peak 488.13M) | Time:00:05.37 | Mem:12.02M, Peak:12.02M | Scene, ViewLayer | Updating Shaders
Fra:1 Mem:363.99M (Peak 488.13M) | Time:00:05.37 | Mem:12.03M, Peak:12.03M | Scene, ViewLayer | Updating Procedurals
Fra:1 Mem:363.99M (Peak 488.13M) | Time:00:05.37 | Mem:12.03M, Peak:12.03M | Scene, ViewLayer | Updating Background
Fra:1 Mem:363.99M (Peak 488.13M) | Time:00:05.37 | Mem:12.03M, Peak:12.03M | Scene, ViewLayer | Updating Camera
Fra:1 Mem:363.99M (Peak 488.13M) | Time:00:05.37 | Mem:12.03M, Peak:12.03M | Scene, ViewLayer | Updating Meshes Flags
Fra:1 Mem:363.99M (Peak 488.13M) | Time:00:05.37 | Mem:12.03M, Peak:12.03M | Scene, ViewLayer | Updating Objects
Fra:1 Mem:363.99M (Peak 488.13M) | Time:00:05.37 | Mem:12.03M, Peak:12.03M | Scene, ViewLayer | Updating Objects | Copying Transformations to device
Fra:1 Mem:364.00M (Peak 488.13M) | Time:00:05.37 | Mem:12.04M, Peak:12.04M | Scene, ViewLayer | Updating Objects | Applying Static Transformations
Fra:1 Mem:364.00M (Peak 488.13M) | Time:00:05.37 | Mem:12.04M, Peak:12.04M | Scene, ViewLayer | Updating Particle Systems
Fra:1 Mem:364.00M (Peak 488.13M) | Time:00:05.37 | Mem:12.04M, Peak:12.04M | Scene, ViewLayer | Updating Particle Systems | Copying Particles to device
Fra:1 Mem:364.00M (Peak 488.13M) | Time:00:05.37 | Mem:12.04M, Peak:12.04M | Scene, ViewLayer | Updating Meshes
Fra:1 Mem:387.93M (Peak 488.13M) | Time:00:05.39 | Mem:12.04M, Peak:12.04M | Scene, ViewLayer | Updating Mesh | Computing attributes
Fra:1 Mem:397.82M (Peak 488.13M) | Time:00:05.40 | Mem:12.05M, Peak:12.05M | Scene, ViewLayer | Updating Mesh | Copying Attributes to device
Fra:1 Mem:397.81M (Peak 488.13M) | Time:00:05.40 | Mem:21.92M, Peak:21.92M | Scene, ViewLayer | Updating Geometry BVH Plane 59/59 | Building BVH
Fra:1 Mem:397.81M (Peak 488.13M) | Time:00:05.40 | Mem:21.92M, Peak:21.92M | Scene, ViewLayer | Updating Geometry BVH Eye R • charcoal socket 17/59 | Building OptiX acceleration structure
Fra:1 Mem:397.81M (Peak 488.13M) | Time:00:05.40 | Mem:21.92M, Peak:21.92M | Scene, ViewLayer | Updating Geometry BVH Ear R • rounded outer shell • perimeter 7/59 | Building BVH
Fra:1 Mem:397.81M (Peak 488.13M) | Time:00:05.40 | Mem:21.92M, Peak:21.92M | Scene, ViewLayer | Updating Geometry BVH Ear R • inset pink • perimeter 9/59 | Building BVH
Fra:1 Mem:397.81M (Peak 488.13M) | Time:00:05.40 | Mem:21.92M, Peak:21.92M | Scene, ViewLayer | Updating Geometry BVH Ear R • inset pink • perimeter 9/59 | Building OptiX acceleration structure
Fra:1 Mem:401.44M (Peak 488.13M) | Time:00:05.41 | Mem:25.67M, Peak:25.67M | Scene, ViewLayer | Updating Geometry BVH Sphere.008 58/59 | Building BVH
Fra:1 Mem:401.44M (Peak 488.13M) | Time:00:05.41 | Mem:25.67M, Peak:25.67M | Scene, ViewLayer | Updating Geometry BVH Sphere.008 58/59 | Building OptiX acceleration structure
Fra:1 Mem:401.47M (Peak 488.13M) | Time:00:05.41 | Mem:25.70M, Peak:25.73M | Scene, ViewLayer | Updating Geometry BVH Eye R • pupil 20/59 | Building BVH
Fra:1 Mem:401.47M (Peak 488.13M) | Time:00:05.41 | Mem:25.81M, Peak:25.81M | Scene, ViewLayer | Updating Geometry BVH Eye R • pupil 20/59 | Building OptiX acceleration structure
Fra:1 Mem:401.47M (Peak 488.13M) | Time:00:05.41 | Mem:25.85M, Peak:25.85M | Scene, ViewLayer | Updating Geometry BVH Eye R • honey crescent 21/59 | Building BVH
Fra:1 Mem:401.47M (Peak 488.13M) | Time:00:05.41 | Mem:25.85M, Peak:25.85M | Scene, ViewLayer | Updating Geometry BVH Eye R • honey crescent 21/59 | Building OptiX acceleration structure
Fra:1 Mem:401.75M (Peak 488.13M) | Time:00:05.41 | Mem:25.97M, Peak:26.17M | Scene, ViewLayer | Updating Geometry BVH Sphere.002 22/59 | Building BVH
Fra:1 Mem:401.75M (Peak 488.13M) | Time:00:05.41 | Mem:26.10M, Peak:26.17M | Scene, ViewLayer | Updating Geometry BVH Sphere.002 22/59 | Building OptiX acceleration structure
Fra:1 Mem:401.73M (Peak 488.13M) | Time:00:05.41 | Mem:26.02M, Peak:26.29M | Scene, ViewLayer | Updating Geometry BVH Sphere.003 23/59 | Building BVH
Fra:1 Mem:401.73M (Peak 488.13M) | Time:00:05.41 | Mem:26.22M, Peak:26.29M | Scene, ViewLayer | Updating Geometry BVH Sphere.003 23/59 | Building OptiX acceleration structure
Fra:1 Mem:401.72M (Peak 488.13M) | Time:00:05.41 | Mem:26.06M, Peak:26.29M | Scene, ViewLayer | Updating Geometry BVH Face • little charcoal nose 24/59 | Building BVH
Fra:1 Mem:401.72M (Peak 488.13M) | Time:00:05.41 | Mem:26.06M, Peak:26.29M | Scene, ViewLayer | Updating Geometry BVH Face • little charcoal nose 24/59 | Building OptiX acceleration structure
Fra:1 Mem:401.21M (Peak 488.13M) | Time:00:05.41 | Mem:27.72M, Peak:28.74M | Scene, ViewLayer | Updating Geometry BVH Face • pink tongue 25/59 | Building BVH
Fra:1 Mem:401.21M (Peak 488.13M) | Time:00:05.41 | Mem:27.72M, Peak:28.74M | Scene, ViewLayer | Updating Geometry BVH Face • pink tongue 25/59 | Building OptiX acceleration structure
Fra:1 Mem:400.92M (Peak 488.13M) | Time:00:05.41 | Mem:27.31M, Peak:28.74M | Scene, ViewLayer | Updating Geometry BVH Face • pink tongue • perimeter 26/59 | Building BVH
Fra:1 Mem:400.92M (Peak 488.13M) | Time:00:05.41 | Mem:27.31M, Peak:28.74M | Scene, ViewLayer | Updating Geometry BVH Face • pink tongue • perimeter 26/59 | Building OptiX acceleration structure
Fra:1 Mem:400.92M (Peak 488.13M) | Time:00:05.41 | Mem:26.81M, Peak:29.32M | Scene, ViewLayer | Updating Geometry BVH Face • philtrum 27/59 | Building BVH
Fra:1 Mem:400.92M (Peak 488.13M) | Time:00:05.41 | Mem:26.97M, Peak:29.32M | Scene, ViewLayer | Updating Geometry BVH Face • philtrum 27/59 | Building OptiX acceleration structure
Fra:1 Mem:400.87M (Peak 488.13M) | Time:00:05.41 | Mem:26.71M, Peak:29.32M | Scene, ViewLayer | Updating Geometry BVH Face • smile L 28/59 | Building BVH
Fra:1 Mem:400.87M (Peak 488.13M) | Time:00:05.41 | Mem:26.71M, Peak:29.32M | Scene, ViewLayer | Updating Geometry BVH Face • smile L 28/59 | Building OptiX acceleration structure
Fra:1 Mem:400.38M (Peak 488.13M) | Time:00:05.41 | Mem:27.06M, Peak:29.40M | Scene, ViewLayer | Updating Geometry BVH Face • smile R 29/59 | Building BVH
Fra:1 Mem:400.38M (Peak 488.13M) | Time:00:05.41 | Mem:27.06M, Peak:29.40M | Scene, ViewLayer | Updating Geometry BVH Face • smile R 29/59 | Building OptiX acceleration structure
Fra:1 Mem:399.69M (Peak 488.13M) | Time:00:05.42 | Mem:27.11M, Peak:29.50M | Scene, ViewLayer | Updating Geometry BVH Hoodie • torso before tailoring 30/59 | Building BVH
Fra:1 Mem:399.69M (Peak 488.13M) | Time:00:05.42 | Mem:27.11M, Peak:29.50M | Scene, ViewLayer | Updating Geometry BVH Hoodie • torso before tailoring 30/59 | Building OptiX acceleration structure
Fra:1 Mem:405.42M (Peak 488.13M) | Time:00:05.42 | Mem:26.93M, Peak:29.50M | Scene, ViewLayer | Updating Geometry BVH Cuff L • rounded rib band 32/59 | Building BVH
Fra:1 Mem:405.42M (Peak 488.13M) | Time:00:05.42 | Mem:27.13M, Peak:29.50M | Scene, ViewLayer | Updating Geometry BVH Cuff L • rounded rib band 32/59 | Building OptiX acceleration structure
Fra:1 Mem:405.60M (Peak 488.13M) | Time:00:05.42 | Mem:27.13M, Peak:29.50M | Scene, ViewLayer | Updating Geometry BVH Leg L • complete paw silhouette 31/59 | Building BVH
Fra:1 Mem:405.60M (Peak 488.13M) | Time:00:05.42 | Mem:27.13M, Peak:29.50M | Scene, ViewLayer | Updating Geometry BVH Leg L • complete paw silhouette 31/59 | Building OptiX acceleration structure
Fra:1 Mem:409.13M (Peak 488.13M) | Time:00:05.42 | Mem:27.29M, Peak:29.50M | Scene, ViewLayer | Updating Geometry BVH Cuff L • inset hem stitch 33/59 | Building BVH
Fra:1 Mem:409.13M (Peak 488.13M) | Time:00:05.42 | Mem:27.29M, Peak:29.50M | Scene, ViewLayer | Updating Geometry BVH Cuff L • inset hem stitch 33/59 | Building OptiX acceleration structure
Fra:1 Mem:409.80M (Peak 488.13M) | Time:00:05.42 | Mem:27.31M, Peak:29.50M | Scene, ViewLayer | Updating Geometry BVH Hand L • relaxed mitten 34/59 | Building BVH
Fra:1 Mem:409.80M (Peak 488.13M) | Time:00:05.42 | Mem:27.31M, Peak:29.50M | Scene, ViewLayer | Updating Geometry BVH Hand L • relaxed mitten 34/59 | Building OptiX acceleration structure
Fra:1 Mem:412.48M (Peak 488.13M) | Time:00:05.42 | Mem:28.29M, Peak:29.50M | Scene, ViewLayer | Updating Geometry BVH Cuff R • rounded rib band 35/59 | Building BVH
Fra:1 Mem:412.48M (Peak 488.13M) | Time:00:05.42 | Mem:28.29M, Peak:29.50M | Scene, ViewLayer | Updating Geometry BVH Cuff R • rounded rib band 35/59 | Building OptiX acceleration structure
Fra:1 Mem:416.48M (Peak 488.13M) | Time:00:05.42 | Mem:28.35M, Peak:29.50M | Scene, ViewLayer | Updating Geometry BVH Cuff R • inset hem stitch 36/59 | Building BVH
Fra:1 Mem:416.48M (Peak 488.13M) | Time:00:05.42 | Mem:28.35M, Peak:29.50M | Scene, ViewLayer | Updating Geometry BVH Cuff R • inset hem stitch 36/59 | Building OptiX acceleration structure
Fra:1 Mem:417.14M (Peak 488.13M) | Time:00:05.42 | Mem:45.78M, Peak:45.78M | Scene, ViewLayer | Updating Geometry BVH Hand R • relaxed mitten 37/59 | Building BVH
Fra:1 Mem:417.14M (Peak 488.13M) | Time:00:05.42 | Mem:45.78M, Peak:45.78M | Scene, ViewLayer | Updating Geometry BVH Hand R • relaxed mitten 37/59 | Building OptiX acceleration structure
Fra:1 Mem:416.96M (Peak 488.13M) | Time:00:05.42 | Mem:45.28M, Peak:47.61M | Scene, ViewLayer | Updating Geometry BVH Hood • continuous folded cloth 38/59 | Building BVH
Fra:1 Mem:416.96M (Peak 488.13M) | Time:00:05.42 | Mem:45.28M, Peak:47.61M | Scene, ViewLayer | Updating Geometry BVH Hood • continuous folded cloth 38/59 | Building OptiX acceleration structure
Fra:1 Mem:417.68M (Peak 488.13M) | Time:00:05.42 | Mem:45.00M, Peak:47.61M | Scene, ViewLayer | Updating Geometry BVH Tail • continuous upright curl 57/59 | Building BVH
Fra:1 Mem:417.68M (Peak 488.13M) | Time:00:05.42 | Mem:45.20M, Peak:47.61M | Scene, ViewLayer | Updating Geometry BVH Tail • continuous upright curl 57/59 | Building OptiX acceleration structure
Fra:1 Mem:418.23M (Peak 488.13M) | Time:00:05.43 | Mem:47.08M, Peak:47.61M | Scene, ViewLayer | Updating Geometry BVH Hood • soft rolled outer hem 39/59 | Building BVH
Fra:1 Mem:418.23M (Peak 488.13M) | Time:00:05.43 | Mem:47.08M, Peak:47.61M | Scene, ViewLayer | Updating Geometry BVH Hood • soft rolled outer hem 39/59 | Building OptiX acceleration structure
Fra:1 Mem:418.79M (Peak 488.13M) | Time:00:05.43 | Mem:47.44M, Peak:48.51M | Scene, ViewLayer | Updating Geometry BVH Hood • fine perimeter seam 40/59 | Building BVH
Fra:1 Mem:418.79M (Peak 488.13M) | Time:00:05.43 | Mem:47.44M, Peak:48.51M | Scene, ViewLayer | Updating Geometry BVH Hood • fine perimeter seam 40/59 | Building OptiX acceleration structure
Fra:1 Mem:419.64M (Peak 488.13M) | Time:00:05.43 | Mem:48.32M, Peak:48.51M | Scene, ViewLayer | Updating Geometry BVH Hood • neckline fold 41/59 | Building BVH
Fra:1 Mem:419.64M (Peak 488.13M) | Time:00:05.43 | Mem:48.32M, Peak:48.51M | Scene, ViewLayer | Updating Geometry BVH Hood • neckline fold 41/59 | Building OptiX acceleration structure
Fra:1 Mem:420.48M (Peak 488.13M) | Time:00:05.43 | Mem:48.14M, Peak:48.51M | Scene, ViewLayer | Updating Geometry BVH Neckline • inset white undershirt 42/59 | Building BVH
Fra:1 Mem:420.48M (Peak 488.13M) | Time:00:05.43 | Mem:48.71M, Peak:48.71M | Scene, ViewLayer | Updating Geometry BVH Neckline • inset white undershirt 42/59 | Building OptiX acceleration structure
Fra:1 Mem:420.48M (Peak 488.13M) | Time:00:05.43 | Mem:49.16M, Peak:49.16M | Scene, ViewLayer | Updating Geometry BVH Hoodie • soft waistband 43/59 | Building BVH
Fra:1 Mem:420.48M (Peak 488.13M) | Time:00:05.43 | Mem:49.16M, Peak:49.16M | Scene, ViewLayer | Updating Geometry BVH Hoodie • soft waistband 43/59 | Building OptiX acceleration structure
Fra:1 Mem:420.83M (Peak 488.13M) | Time:00:05.43 | Mem:49.41M, Peak:49.51M | Scene, ViewLayer | Updating Geometry BVH Pocket L • sewn fabric panel 44/59 | Building BVH
Fra:1 Mem:420.83M (Peak 488.13M) | Time:00:05.43 | Mem:49.41M, Peak:49.51M | Scene, ViewLayer | Updating Geometry BVH Pocket L • sewn fabric panel 44/59 | Building OptiX acceleration structure
Fra:1 Mem:420.40M (Peak 488.13M) | Time:00:05.43 | Mem:49.61M, Peak:52.17M | Scene, ViewLayer | Updating Geometry BVH Pocket L • hand opening 45/59 | Building BVH
Fra:1 Mem:420.40M (Peak 488.13M) | Time:00:05.43 | Mem:49.61M, Peak:52.17M | Scene, ViewLayer | Updating Geometry BVH Pocket L • hand opening 45/59 | Building OptiX acceleration structure
Fra:1 Mem:421.09M (Peak 488.13M) | Time:00:05.43 | Mem:50.43M, Peak:52.17M | Scene, ViewLayer | Updating Geometry BVH Pocket L • topstitch 46/59 | Building BVH
Fra:1 Mem:421.09M (Peak 488.13M) | Time:00:05.43 | Mem:50.43M, Peak:52.17M | Scene, ViewLayer | Updating Geometry BVH Pocket L • topstitch 46/59 | Building OptiX acceleration structure
Fra:1 Mem:421.54M (Peak 488.13M) | Time:00:05.43 | Mem:50.74M, Peak:52.17M | Scene, ViewLayer | Updating Geometry BVH Pocket R • sewn fabric panel 47/59 | Building BVH
Fra:1 Mem:421.54M (Peak 488.13M) | Time:00:05.43 | Mem:50.92M, Peak:52.17M | Scene, ViewLayer | Updating Geometry BVH Pocket R • sewn fabric panel 47/59 | Building OptiX acceleration structure
Fra:1 Mem:421.61M (Peak 488.13M) | Time:00:05.43 | Mem:51.77M, Peak:52.17M | Scene, ViewLayer | Updating Geometry BVH Pocket R • hand opening 48/59 | Building BVH
Fra:1 Mem:421.61M (Peak 488.13M) | Time:00:05.43 | Mem:51.77M, Peak:52.17M | Scene, ViewLayer | Updating Geometry BVH Pocket R • hand opening 48/59 | Building OptiX acceleration structure
Fra:1 Mem:422.13M (Peak 488.13M) | Time:00:05.43 | Mem:51.59M, Peak:52.28M | Scene, ViewLayer | Updating Geometry BVH Pocket R • topstitch 49/59 | Building BVH
Fra:1 Mem:422.13M (Peak 488.13M) | Time:00:05.43 | Mem:51.59M, Peak:52.28M | Scene, ViewLayer | Updating Geometry BVH Pocket R • topstitch 49/59 | Building OptiX acceleration structure
Fra:1 Mem:421.91M (Peak 488.13M) | Time:00:05.43 | Mem:52.88M, Peak:55.43M | Scene, ViewLayer | Updating Geometry BVH Hoodie • flat zipper placket 50/59 | Building BVH
Fra:1 Mem:421.91M (Peak 488.13M) | Time:00:05.43 | Mem:53.86M, Peak:55.43M | Scene, ViewLayer | Updating Geometry BVH Hoodie • flat zipper placket 50/59 | Building OptiX acceleration structure
Fra:1 Mem:421.60M (Peak 488.13M) | Time:00:05.44 | Mem:53.11M, Peak:55.43M | Scene, ViewLayer | Updating Geometry BVH Hoodie • centered zipper seam 51/59 | Building BVH
Fra:1 Mem:421.60M (Peak 488.13M) | Time:00:05.44 | Mem:53.11M, Peak:55.43M | Scene, ViewLayer | Updating Geometry BVH Hoodie • centered zipper seam 51/59 | Building OptiX acceleration structure
Fra:1 Mem:421.47M (Peak 488.13M) | Time:00:05.44 | Mem:52.28M, Peak:55.43M | Scene, ViewLayer | Updating Geometry BVH Sphere.005 52/59 | Building BVH
Fra:1 Mem:421.47M (Peak 488.13M) | Time:00:05.44 | Mem:52.28M, Peak:55.43M | Scene, ViewLayer | Updating Geometry BVH Sphere.005 52/59 | Building OptiX acceleration structure
Fra:1 Mem:415.55M (Peak 488.13M) | Time:00:05.44 | Mem:101.47M, Peak:101.47M | Scene, ViewLayer | Updating Geometry BVH Hoodie • soft drawcord -0.165 53/59 | Building BVH
Fra:1 Mem:415.55M (Peak 488.13M) | Time:00:05.44 | Mem:101.47M, Peak:101.47M | Scene, ViewLayer | Updating Geometry BVH Hoodie • soft drawcord -0.165 53/59 | Building OptiX acceleration structure
Fra:1 Mem:405.98M (Peak 488.13M) | Time:00:05.44 | Mem:57.80M, Peak:101.49M | Scene, ViewLayer | Updating Geometry BVH Sphere.006 54/59 | Building BVH
Fra:1 Mem:405.98M (Peak 488.13M) | Time:00:05.44 | Mem:57.80M, Peak:101.49M | Scene, ViewLayer | Updating Geometry BVH Sphere.006 54/59 | Building OptiX acceleration structure
Fra:1 Mem:405.29M (Peak 488.13M) | Time:00:05.44 | Mem:55.08M, Peak:101.49M | Scene, ViewLayer | Updating Geometry BVH Hoodie • soft drawcord 0.15 55/59 | Building BVH
Fra:1 Mem:405.29M (Peak 488.13M) | Time:00:05.44 | Mem:55.08M, Peak:101.49M | Scene, ViewLayer | Updating Geometry BVH Hoodie • soft drawcord 0.15 55/59 | Building OptiX acceleration structure
Fra:1 Mem:404.97M (Peak 488.13M) | Time:00:05.45 | Mem:54.79M, Peak:101.49M | Scene, ViewLayer | Updating Geometry BVH Sphere.007 56/59 | Building BVH
Fra:1 Mem:404.97M (Peak 488.13M) | Time:00:05.45 | Mem:54.79M, Peak:101.49M | Scene, ViewLayer | Updating Geometry BVH Sphere.007 56/59 | Building OptiX acceleration structure
Fra:1 Mem:397.81M (Peak 488.13M) | Time:00:05.46 | Mem:55.10M, Peak:101.49M | Scene, ViewLayer | Updating Scene BVH | Building
Fra:1 Mem:397.81M (Peak 488.13M) | Time:00:05.46 | Mem:55.10M, Peak:101.49M | Scene, ViewLayer | Updating Scene BVH | Building OptiX acceleration structure
Fra:1 Mem:397.81M (Peak 488.13M) | Time:00:05.46 | Mem:55.11M, Peak:101.49M | Scene, ViewLayer | Updating Scene BVH | Copying BVH to device
Fra:1 Mem:397.81M (Peak 488.13M) | Time:00:05.46 | Mem:55.11M, Peak:101.49M | Scene, ViewLayer | Updating Mesh | Computing normals
Fra:1 Mem:451.71M (Peak 488.13M) | Time:00:05.48 | Mem:55.11M, Peak:101.49M | Scene, ViewLayer | Updating Mesh | Copying Mesh to device
Fra:1 Mem:451.71M (Peak 488.13M) | Time:00:05.49 | Mem:109.01M, Peak:109.01M | Scene, ViewLayer | Updating Objects Flags
Fra:1 Mem:451.71M (Peak 488.13M) | Time:00:05.49 | Mem:109.01M, Peak:109.01M | Scene, ViewLayer | Updating Primitive Offsets
Fra:1 Mem:451.71M (Peak 488.13M) | Time:00:05.49 | Mem:109.01M, Peak:109.01M | Scene, ViewLayer | Updating Images
Fra:1 Mem:451.71M (Peak 488.13M) | Time:00:05.49 | Mem:109.01M, Peak:109.01M | Scene, ViewLayer | Updating Camera Volume
Fra:1 Mem:451.71M (Peak 488.13M) | Time:00:05.49 | Mem:109.01M, Peak:109.01M | Scene, ViewLayer | Updating Lookup Tables
Fra:1 Mem:451.71M (Peak 488.13M) | Time:00:05.49 | Mem:109.09M, Peak:109.09M | Scene, ViewLayer | Updating Lights
Fra:1 Mem:451.71M (Peak 488.13M) | Time:00:05.49 | Mem:109.09M, Peak:109.09M | Scene, ViewLayer | Updating Lights | Computing distribution
Fra:1 Mem:451.71M (Peak 488.13M) | Time:00:05.49 | Mem:109.09M, Peak:109.09M | Scene, ViewLayer | Updating Lights | Computing tree
Fra:1 Mem:451.71M (Peak 488.13M) | Time:00:05.49 | Mem:109.09M, Peak:109.09M | Scene, ViewLayer | Updating Integrator
Fra:1 Mem:452.71M (Peak 488.13M) | Time:00:05.49 | Mem:110.09M, Peak:110.09M | Scene, ViewLayer | Updating Film
Fra:1 Mem:452.72M (Peak 488.13M) | Time:00:05.49 | Mem:110.01M, Peak:110.09M | Scene, ViewLayer | Updating Lookup Tables
Fra:1 Mem:452.72M (Peak 488.13M) | Time:00:05.49 | Mem:110.09M, Peak:110.09M | Scene, ViewLayer | Updating Baking
Fra:1 Mem:452.72M (Peak 488.13M) | Time:00:05.49 | Mem:110.09M, Peak:110.09M | Scene, ViewLayer | Updating Device | Writing constant memory
Fra:1 Mem:452.72M (Peak 488.13M) | Time:00:05.49 | Mem:110.09M, Peak:110.09M | Scene, ViewLayer | Loading denoising kernels (may take a few minutes the first time)
Fra:1 Mem:456.72M (Peak 488.13M) | Time:00:05.51 | Mem:450.10M, Peak:450.10M | Scene, ViewLayer | Sample 0/96
Fra:1 Mem:561.10M (Peak 561.10M) | Time:00:05.52 | Remaining:00:01.83 | Mem:554.47M, Peak:554.47M | Scene, ViewLayer | Sample 1/96
Fra:1 Mem:561.11M (Peak 561.11M) | Time:00:06.30 | Remaining:00:00.15 | Mem:554.48M, Peak:554.48M | Scene, ViewLayer | Sample 80/96
Fra:1 Mem:605.05M (Peak 670.98M) | Time:00:07.60 | Mem:554.48M, Peak:554.48M | Scene, ViewLayer | Sample 96/96
Fra:1 Mem:605.05M (Peak 670.98M) | Time:00:07.60 | Mem:554.48M, Peak:554.48M | Scene, ViewLayer | Finished
Saved: 'E:\code\catgrayprj\CatGrayWiki\logo\ip\model_3d\preview_side.png'
Time: 00:07.76 (Saving: 00:00.09)

RENDER_VIEW back
Fra:1 Mem:371.54M (Peak 372.70M) | Time:00:05.01 | Mem:0.00M, Peak:0.00M | Scene, ViewLayer | Synchronizing object | Head • continuous shaped surface
Fra:1 Mem:371.54M (Peak 372.70M) | Time:00:05.01 | Mem:0.00M, Peak:0.00M | Scene, ViewLayer | Synchronizing object | Ear L • rounded outer shell
Fra:1 Mem:376.04M (Peak 376.21M) | Time:00:05.01 | Mem:0.00M, Peak:0.00M | Scene, ViewLayer | Synchronizing object | Ear L • inset pink • perimeter
Fra:1 Mem:376.04M (Peak 376.21M) | Time:00:05.01 | Mem:0.00M, Peak:0.00M | Scene, ViewLayer | Synchronizing object | Ear L • inset pink
Fra:1 Mem:378.18M (Peak 378.39M) | Time:00:05.01 | Mem:0.00M, Peak:0.00M | Scene, ViewLayer | Synchronizing object | Ear R • rounded outer shell • perimeter
Fra:1 Mem:378.18M (Peak 378.39M) | Time:00:05.01 | Mem:0.00M, Peak:0.00M | Scene, ViewLayer | Synchronizing object | Ear R • rounded outer shell
Fra:1 Mem:380.47M (Peak 380.69M) | Time:00:05.01 | Mem:0.00M, Peak:0.00M | Scene, ViewLayer | Synchronizing object | Ear R • inset pink
Fra:1 Mem:380.47M (Peak 380.69M) | Time:00:05.01 | Mem:0.00M, Peak:0.00M | Scene, ViewLayer | Synchronizing object | Ear R • inset pink • perimeter
Fra:1 Mem:382.61M (Peak 382.82M) | Time:00:05.01 | Mem:0.00M, Peak:0.00M | Scene, ViewLayer | Synchronizing object | Eye L • amber outer edge
Fra:1 Mem:382.61M (Peak 382.82M) | Time:00:05.01 | Mem:0.00M, Peak:0.00M | Scene, ViewLayer | Synchronizing object | Eye L • honey crescent
Fra:1 Mem:384.25M (Peak 384.25M) | Time:00:05.01 | Mem:0.00M, Peak:0.00M | Scene, ViewLayer | Synchronizing object | Eye L • catchlight 1
Fra:1 Mem:384.26M (Peak 384.29M) | Time:00:05.01 | Mem:0.00M, Peak:0.00M | Scene, ViewLayer | Synchronizing object | Eye R • orange iris
Fra:1 Mem:384.32M (Peak 384.32M) | Time:00:05.01 | Mem:0.00M, Peak:0.00M | Scene, ViewLayer | Synchronizing object | Eye R • honey crescent
Fra:1 Mem:386.04M (Peak 386.04M) | Time:00:05.01 | Mem:0.00M, Peak:0.00M | Scene, ViewLayer | Synchronizing object | Eye R • catchlight 1
Fra:1 Mem:386.04M (Peak 386.04M) | Time:00:05.01 | Mem:0.00M, Peak:0.00M | Scene, ViewLayer | Synchronizing object | Face • pink tongue • perimeter
Fra:1 Mem:388.35M (Peak 388.56M) | Time:00:05.01 | Mem:0.00M, Peak:0.00M | Scene, ViewLayer | Synchronizing object | Face • philtrum
Fra:1 Mem:388.40M (Peak 388.56M) | Time:00:05.01 | Mem:0.00M, Peak:0.00M | Scene, ViewLayer | Synchronizing object | Face • smile L
Fra:1 Mem:388.53M (Peak 388.56M) | Time:00:05.01 | Mem:0.00M, Peak:0.00M | Scene, ViewLayer | Synchronizing object | Face • smile R
Fra:1 Mem:388.67M (Peak 388.67M) | Time:00:05.01 | Mem:0.00M, Peak:0.00M | Scene, ViewLayer | Synchronizing object | Hoodie • continuous torso and sleeves
Fra:1 Mem:394.43M (Peak 394.43M) | Time:00:05.01 | Mem:0.00M, Peak:0.00M | Scene, ViewLayer | Synchronizing object | Cuff L • inset hem stitch
Fra:1 Mem:423.30M (Peak 423.30M) | Time:00:05.02 | Mem:0.00M, Peak:0.00M | Scene, ViewLayer | Synchronizing object | Hand L • relaxed mitten
Fra:1 Mem:427.35M (Peak 427.35M) | Time:00:05.02 | Mem:0.00M, Peak:0.00M | Scene, ViewLayer | Synchronizing object | Cuff R • inset hem stitch
Fra:1 Mem:447.18M (Peak 447.18M) | Time:00:05.02 | Mem:0.00M, Peak:0.00M | Scene, ViewLayer | Synchronizing object | Hood • soft rolled outer hem
Fra:1 Mem:448.81M (Peak 448.81M) | Time:00:05.02 | Mem:0.00M, Peak:0.00M | Scene, ViewLayer | Synchronizing object | Hand R • relaxed mitten
Fra:1 Mem:449.37M (Peak 449.37M) | Time:00:05.02 | Mem:0.00M, Peak:0.00M | Scene, ViewLayer | Synchronizing object | Hood • continuous folded cloth
Fra:1 Mem:460.65M (Peak 460.65M) | Time:00:05.02 | Mem:0.00M, Peak:0.00M | Scene, ViewLayer | Synchronizing object | Hood • fine perimeter seam
Fra:1 Mem:468.47M (Peak 468.98M) | Time:00:05.03 | Mem:0.00M, Peak:0.00M | Scene, ViewLayer | Synchronizing object | Hood • neckline fold
Fra:1 Mem:473.41M (Peak 474.29M) | Time:00:05.03 | Mem:0.00M, Peak:0.00M | Scene, ViewLayer | Synchronizing object | Neckline • inset white undershirt
Fra:1 Mem:473.41M (Peak 474.29M) | Time:00:05.03 | Mem:0.00M, Peak:0.00M | Scene, ViewLayer | Synchronizing object | Pocket L • sewn fabric panel
Fra:1 Mem:478.10M (Peak 478.10M) | Time:00:05.03 | Mem:0.00M, Peak:0.00M | Scene, ViewLayer | Synchronizing object | Pocket L • topstitch
Fra:1 Mem:481.93M (Peak 481.93M) | Time:00:05.03 | Mem:0.00M, Peak:0.00M | Scene, ViewLayer | Synchronizing object | Pocket R • sewn fabric panel
Fra:1 Mem:485.77M (Peak 485.77M) | Time:00:05.03 | Mem:0.00M, Peak:0.00M | Scene, ViewLayer | Synchronizing object | Pocket R • hand opening
Fra:1 Mem:488.95M (Peak 488.95M) | Time:00:05.03 | Mem:0.00M, Peak:0.00M | Scene, ViewLayer | Synchronizing object | Pocket R • topstitch
Fra:1 Mem:487.02M (Peak 490.04M) | Time:00:05.03 | Mem:0.00M, Peak:0.00M | Scene, ViewLayer | Synchronizing object | Hoodie • flat zipper placket
Fra:1 Mem:487.02M (Peak 490.04M) | Time:00:05.03 | Mem:0.00M, Peak:0.00M | Scene, ViewLayer | Synchronizing object | Hoodie • centered zipper seam
Fra:1 Mem:487.34M (Peak 490.04M) | Time:00:05.04 | Mem:0.00M, Peak:0.00M | Scene, ViewLayer | Synchronizing object | Hoodie • small zipper pull
Fra:1 Mem:487.34M (Peak 490.04M) | Time:00:05.04 | Mem:0.00M, Peak:0.00M | Scene, ViewLayer | Synchronizing object | Hoodie • soft drawcord -0.165
Fra:1 Mem:487.52M (Peak 490.04M) | Time:00:05.04 | Mem:0.00M, Peak:0.00M | Scene, ViewLayer | Synchronizing object | Hoodie • drawcord tip -0.165
Fra:1 Mem:487.68M (Peak 490.04M) | Time:00:05.04 | Mem:0.00M, Peak:0.00M | Scene, ViewLayer | Synchronizing object | Hoodie • drawcord tip 0.15
Fra:1 Mem:488.02M (Peak 490.04M) | Time:00:05.04 | Mem:0.00M, Peak:0.00M | Scene, ViewLayer | Synchronizing object | Tail • rounded tip
Fra:1 Mem:488.02M (Peak 490.04M) | Time:00:05.04 | Mem:0.00M, Peak:0.00M | Scene, ViewLayer | Synchronizing object | Studio floor
Fra:1 Mem:488.13M (Peak 490.04M) | Time:00:05.04 | Mem:0.00M, Peak:0.00M | Scene, ViewLayer | Initializing
Fra:1 Mem:354.84M (Peak 490.04M) | Time:00:05.04 | Mem:0.00M, Peak:0.00M | Scene, ViewLayer | Updating Images | Loading CatGray_Fur_BaseColor.png
Fra:1 Mem:363.89M (Peak 490.04M) | Time:00:05.15 | Mem:12.00M, Peak:12.00M | Scene, ViewLayer | Waiting for render to start
Fra:1 Mem:363.89M (Peak 490.04M) | Time:00:05.15 | Mem:12.00M, Peak:12.00M | Scene, ViewLayer | Loading render kernels (may take a few minutes the first time)
Fra:1 Mem:363.89M (Peak 490.04M) | Time:00:05.21 | Mem:12.02M, Peak:12.02M | Scene, ViewLayer | Updating Scene
Fra:1 Mem:363.89M (Peak 490.04M) | Time:00:05.21 | Mem:12.02M, Peak:12.02M | Scene, ViewLayer | Updating Shaders
Fra:1 Mem:363.99M (Peak 490.04M) | Time:00:05.21 | Mem:12.03M, Peak:12.03M | Scene, ViewLayer | Updating Procedurals
Fra:1 Mem:363.99M (Peak 490.04M) | Time:00:05.21 | Mem:12.03M, Peak:12.03M | Scene, ViewLayer | Updating Background
Fra:1 Mem:363.99M (Peak 490.04M) | Time:00:05.21 | Mem:12.03M, Peak:12.03M | Scene, ViewLayer | Updating Camera
Fra:1 Mem:363.99M (Peak 490.04M) | Time:00:05.21 | Mem:12.03M, Peak:12.03M | Scene, ViewLayer | Updating Meshes Flags
Fra:1 Mem:363.99M (Peak 490.04M) | Time:00:05.21 | Mem:12.03M, Peak:12.03M | Scene, ViewLayer | Updating Objects
Fra:1 Mem:363.99M (Peak 490.04M) | Time:00:05.21 | Mem:12.03M, Peak:12.03M | Scene, ViewLayer | Updating Objects | Copying Transformations to device
Fra:1 Mem:364.00M (Peak 490.04M) | Time:00:05.21 | Mem:12.04M, Peak:12.04M | Scene, ViewLayer | Updating Objects | Applying Static Transformations
Fra:1 Mem:364.00M (Peak 490.04M) | Time:00:05.21 | Mem:12.04M, Peak:12.04M | Scene, ViewLayer | Updating Particle Systems
Fra:1 Mem:364.00M (Peak 490.04M) | Time:00:05.21 | Mem:12.04M, Peak:12.04M | Scene, ViewLayer | Updating Particle Systems | Copying Particles to device
Fra:1 Mem:364.00M (Peak 490.04M) | Time:00:05.21 | Mem:12.04M, Peak:12.04M | Scene, ViewLayer | Updating Meshes
Fra:1 Mem:387.93M (Peak 490.04M) | Time:00:05.24 | Mem:12.04M, Peak:12.04M | Scene, ViewLayer | Updating Mesh | Computing attributes
Fra:1 Mem:397.82M (Peak 490.04M) | Time:00:05.24 | Mem:12.05M, Peak:12.05M | Scene, ViewLayer | Updating Mesh | Copying Attributes to device
Fra:1 Mem:397.81M (Peak 490.04M) | Time:00:05.25 | Mem:21.92M, Peak:21.92M | Scene, ViewLayer | Updating Geometry BVH Plane 59/59 | Building BVH
Fra:1 Mem:397.81M (Peak 490.04M) | Time:00:05.25 | Mem:21.92M, Peak:21.92M | Scene, ViewLayer | Updating Geometry BVH Ear L • inset pink 4/59 | Building BVH
Fra:1 Mem:397.81M (Peak 490.04M) | Time:00:05.25 | Mem:21.92M, Peak:21.92M | Scene, ViewLayer | Updating Geometry BVH Eye R • orange iris 19/59 | Building BVH
Fra:1 Mem:397.81M (Peak 490.04M) | Time:00:05.25 | Mem:21.92M, Peak:21.92M | Scene, ViewLayer | Updating Geometry BVH Ear R • inset pink • perimeter 9/59 | Building BVH
Fra:1 Mem:397.85M (Peak 490.04M) | Time:00:05.25 | Mem:21.92M, Peak:21.92M | Scene, ViewLayer | Updating Geometry BVH Ear R • inset pink • perimeter 9/59 | Building OptiX acceleration structure
Fra:1 Mem:401.44M (Peak 490.04M) | Time:00:05.25 | Mem:25.55M, Peak:25.55M | Scene, ViewLayer | Updating Geometry BVH Sphere.008 58/59 | Building BVH
Fra:1 Mem:401.44M (Peak 490.04M) | Time:00:05.25 | Mem:25.67M, Peak:25.67M | Scene, ViewLayer | Updating Geometry BVH Sphere.008 58/59 | Building OptiX acceleration structure
Fra:1 Mem:401.47M (Peak 490.04M) | Time:00:05.25 | Mem:25.61M, Peak:25.73M | Scene, ViewLayer | Updating Geometry BVH Eye R • pupil 20/59 | Building BVH
Fra:1 Mem:401.47M (Peak 490.04M) | Time:00:05.25 | Mem:25.81M, Peak:25.81M | Scene, ViewLayer | Updating Geometry BVH Eye R • pupil 20/59 | Building OptiX acceleration structure
Fra:1 Mem:401.47M (Peak 490.04M) | Time:00:05.25 | Mem:25.65M, Peak:25.85M | Scene, ViewLayer | Updating Geometry BVH Eye R • honey crescent 21/59 | Building BVH
Fra:1 Mem:401.47M (Peak 490.04M) | Time:00:05.25 | Mem:25.85M, Peak:25.85M | Scene, ViewLayer | Updating Geometry BVH Eye R • honey crescent 21/59 | Building OptiX acceleration structure
Fra:1 Mem:401.75M (Peak 490.04M) | Time:00:05.25 | Mem:25.97M, Peak:26.17M | Scene, ViewLayer | Updating Geometry BVH Sphere.002 22/59 | Building BVH
Fra:1 Mem:401.75M (Peak 490.04M) | Time:00:05.25 | Mem:25.97M, Peak:26.17M | Scene, ViewLayer | Updating Geometry BVH Sphere.002 22/59 | Building OptiX acceleration structure
Fra:1 Mem:401.25M (Peak 490.04M) | Time:00:05.25 | Mem:26.32M, Peak:28.67M | Scene, ViewLayer | Updating Geometry BVH Sphere.003 23/59 | Building BVH
Fra:1 Mem:401.25M (Peak 490.04M) | Time:00:05.25 | Mem:26.32M, Peak:28.67M | Scene, ViewLayer | Updating Geometry BVH Sphere.003 23/59 | Building OptiX acceleration structure
Fra:1 Mem:401.24M (Peak 490.04M) | Time:00:05.25 | Mem:26.17M, Peak:28.67M | Scene, ViewLayer | Updating Geometry BVH Face • little charcoal nose 24/59 | Building BVH
Fra:1 Mem:401.24M (Peak 490.04M) | Time:00:05.25 | Mem:26.28M, Peak:28.67M | Scene, ViewLayer | Updating Geometry BVH Face • little charcoal nose 24/59 | Building OptiX acceleration structure
Fra:1 Mem:401.21M (Peak 490.04M) | Time:00:05.25 | Mem:26.10M, Peak:28.67M | Scene, ViewLayer | Updating Geometry BVH Face • pink tongue 25/59 | Building BVH
Fra:1 Mem:401.21M (Peak 490.04M) | Time:00:05.25 | Mem:26.10M, Peak:28.67M | Scene, ViewLayer | Updating Geometry BVH Face • pink tongue 25/59 | Building OptiX acceleration structure
Fra:1 Mem:400.71M (Peak 490.04M) | Time:00:05.26 | Mem:26.36M, Peak:28.79M | Scene, ViewLayer | Updating Geometry BVH Face • pink tongue • perimeter 26/59 | Building BVH
Fra:1 Mem:400.71M (Peak 490.04M) | Time:00:05.26 | Mem:26.36M, Peak:28.79M | Scene, ViewLayer | Updating Geometry BVH Face • pink tongue • perimeter 26/59 | Building OptiX acceleration structure
Fra:1 Mem:401.20M (Peak 490.04M) | Time:00:05.26 | Mem:26.69M, Peak:28.79M | Scene, ViewLayer | Updating Geometry BVH Face • philtrum 27/59 | Building BVH
Fra:1 Mem:401.20M (Peak 490.04M) | Time:00:05.26 | Mem:26.89M, Peak:28.79M | Scene, ViewLayer | Updating Geometry BVH Face • philtrum 27/59 | Building OptiX acceleration structure
Fra:1 Mem:401.17M (Peak 490.04M) | Time:00:05.26 | Mem:26.90M, Peak:28.79M | Scene, ViewLayer | Updating Geometry BVH Face • smile L 28/59 | Building BVH
Fra:1 Mem:401.17M (Peak 490.04M) | Time:00:05.26 | Mem:26.90M, Peak:28.79M | Scene, ViewLayer | Updating Geometry BVH Face • smile L 28/59 | Building OptiX acceleration structure
Fra:1 Mem:401.16M (Peak 490.04M) | Time:00:05.26 | Mem:26.86M, Peak:28.79M | Scene, ViewLayer | Updating Geometry BVH Face • smile R 29/59 | Building BVH
Fra:1 Mem:401.16M (Peak 490.04M) | Time:00:05.26 | Mem:26.86M, Peak:28.79M | Scene, ViewLayer | Updating Geometry BVH Face • smile R 29/59 | Building OptiX acceleration structure
Fra:1 Mem:401.12M (Peak 490.04M) | Time:00:05.26 | Mem:26.97M, Peak:28.79M | Scene, ViewLayer | Updating Geometry BVH Hoodie • torso before tailoring 30/59 | Building BVH
Fra:1 Mem:401.12M (Peak 490.04M) | Time:00:05.26 | Mem:26.97M, Peak:28.79M | Scene, ViewLayer | Updating Geometry BVH Hoodie • torso before tailoring 30/59 | Building OptiX acceleration structure
Fra:1 Mem:406.84M (Peak 490.04M) | Time:00:05.26 | Mem:26.81M, Peak:28.79M | Scene, ViewLayer | Updating Geometry BVH Leg L • complete paw silhouette 31/59 | Building BVH
Fra:1 Mem:406.84M (Peak 490.04M) | Time:00:05.26 | Mem:26.79M, Peak:28.79M | Scene, ViewLayer | Updating Geometry BVH Leg L • complete paw silhouette 31/59 | Building OptiX acceleration structure
Fra:1 Mem:406.84M (Peak 490.04M) | Time:00:05.26 | Mem:27.97M, Peak:28.79M | Scene, ViewLayer | Updating Geometry BVH Cuff L • rounded rib band 32/59 | Building BVH
Fra:1 Mem:410.41M (Peak 490.04M) | Time:00:05.26 | Mem:27.97M, Peak:28.79M | Scene, ViewLayer | Updating Geometry BVH Cuff L • rounded rib band 32/59 | Building OptiX acceleration structure
Fra:1 Mem:416.28M (Peak 490.04M) | Time:00:05.26 | Mem:28.18M, Peak:29.63M | Scene, ViewLayer | Updating Geometry BVH Cuff L • inset hem stitch 33/59 | Building BVH
Fra:1 Mem:416.28M (Peak 490.04M) | Time:00:05.26 | Mem:28.18M, Peak:29.63M | Scene, ViewLayer | Updating Geometry BVH Cuff L • inset hem stitch 33/59 | Building OptiX acceleration structure
Fra:1 Mem:416.46M (Peak 490.04M) | Time:00:05.27 | Mem:43.47M, Peak:45.29M | Scene, ViewLayer | Updating Geometry BVH Hand L • relaxed mitten 34/59 | Building BVH
Fra:1 Mem:416.46M (Peak 490.04M) | Time:00:05.27 | Mem:43.47M, Peak:45.29M | Scene, ViewLayer | Updating Geometry BVH Hand L • relaxed mitten 34/59 | Building OptiX acceleration structure
Fra:1 Mem:416.77M (Peak 490.04M) | Time:00:05.27 | Mem:43.92M, Peak:45.29M | Scene, ViewLayer | Updating Geometry BVH Cuff R • rounded rib band 35/59 | Building BVH
Fra:1 Mem:416.77M (Peak 490.04M) | Time:00:05.27 | Mem:43.92M, Peak:45.29M | Scene, ViewLayer | Updating Geometry BVH Cuff R • rounded rib band 35/59 | Building OptiX acceleration structure
Fra:1 Mem:416.27M (Peak 490.04M) | Time:00:05.27 | Mem:43.93M, Peak:46.51M | Scene, ViewLayer | Updating Geometry BVH Cuff R • inset hem stitch 36/59 | Building BVH
Fra:1 Mem:416.27M (Peak 490.04M) | Time:00:05.27 | Mem:44.64M, Peak:46.51M | Scene, ViewLayer | Updating Geometry BVH Cuff R • inset hem stitch 36/59 | Building OptiX acceleration structure
Fra:1 Mem:416.65M (Peak 490.04M) | Time:00:05.27 | Mem:44.84M, Peak:46.51M | Scene, ViewLayer | Updating Geometry BVH Hand R • relaxed mitten 37/59 | Building BVH
Fra:1 Mem:416.65M (Peak 490.04M) | Time:00:05.27 | Mem:44.84M, Peak:46.51M | Scene, ViewLayer | Updating Geometry BVH Hand R • relaxed mitten 37/59 | Building OptiX acceleration structure
Fra:1 Mem:416.96M (Peak 490.04M) | Time:00:05.27 | Mem:45.28M, Peak:46.51M | Scene, ViewLayer | Updating Geometry BVH Hood • continuous folded cloth 38/59 | Building BVH
Fra:1 Mem:416.96M (Peak 490.04M) | Time:00:05.27 | Mem:45.28M, Peak:46.51M | Scene, ViewLayer | Updating Geometry BVH Hood • continuous folded cloth 38/59 | Building OptiX acceleration structure
Fra:1 Mem:417.68M (Peak 490.04M) | Time:00:05.27 | Mem:45.00M, Peak:46.51M | Scene, ViewLayer | Updating Geometry BVH Tail • continuous upright curl 57/59 | Building BVH
Fra:1 Mem:417.68M (Peak 490.04M) | Time:00:05.27 | Mem:45.20M, Peak:46.51M | Scene, ViewLayer | Updating Geometry BVH Tail • continuous upright curl 57/59 | Building OptiX acceleration structure
Fra:1 Mem:418.23M (Peak 490.04M) | Time:00:05.27 | Mem:47.08M, Peak:47.08M | Scene, ViewLayer | Updating Geometry BVH Hood • soft rolled outer hem 39/59 | Building BVH
Fra:1 Mem:418.23M (Peak 490.04M) | Time:00:05.27 | Mem:47.98M, Peak:47.98M | Scene, ViewLayer | Updating Geometry BVH Hood • soft rolled outer hem 39/59 | Building OptiX acceleration structure
Fra:1 Mem:418.79M (Peak 490.04M) | Time:00:05.27 | Mem:47.44M, Peak:48.86M | Scene, ViewLayer | Updating Geometry BVH Hood • fine perimeter seam 40/59 | Building BVH
Fra:1 Mem:418.79M (Peak 490.04M) | Time:00:05.27 | Mem:47.44M, Peak:48.86M | Scene, ViewLayer | Updating Geometry BVH Hood • fine perimeter seam 40/59 | Building OptiX acceleration structure
Fra:1 Mem:419.64M (Peak 490.04M) | Time:00:05.27 | Mem:47.44M, Peak:48.86M | Scene, ViewLayer | Updating Geometry BVH Hood • neckline fold 41/59 | Building BVH
Fra:1 Mem:419.64M (Peak 490.04M) | Time:00:05.27 | Mem:47.97M, Peak:48.86M | Scene, ViewLayer | Updating Geometry BVH Hood • neckline fold 41/59 | Building OptiX acceleration structure
Fra:1 Mem:420.48M (Peak 490.04M) | Time:00:05.27 | Mem:49.01M, Peak:49.15M | Scene, ViewLayer | Updating Geometry BVH Neckline • inset white undershirt 42/59 | Building BVH
Fra:1 Mem:420.48M (Peak 490.04M) | Time:00:05.27 | Mem:49.06M, Peak:49.15M | Scene, ViewLayer | Updating Geometry BVH Neckline • inset white undershirt 42/59 | Building OptiX acceleration structure
Fra:1 Mem:420.48M (Peak 490.04M) | Time:00:05.27 | Mem:49.16M, Peak:49.16M | Scene, ViewLayer | Updating Geometry BVH Hoodie • soft waistband 43/59 | Building BVH
Fra:1 Mem:420.48M (Peak 490.04M) | Time:00:05.27 | Mem:49.16M, Peak:49.16M | Scene, ViewLayer | Updating Geometry BVH Hoodie • soft waistband 43/59 | Building OptiX acceleration structure
Fra:1 Mem:420.83M (Peak 490.04M) | Time:00:05.27 | Mem:50.59M, Peak:50.59M | Scene, ViewLayer | Updating Geometry BVH Pocket L • sewn fabric panel 44/59 | Building BVH
Fra:1 Mem:420.83M (Peak 490.04M) | Time:00:05.27 | Mem:50.59M, Peak:50.59M | Scene, ViewLayer | Updating Geometry BVH Pocket L • sewn fabric panel 44/59 | Building OptiX acceleration structure
Fra:1 Mem:420.40M (Peak 490.04M) | Time:00:05.28 | Mem:49.61M, Peak:52.17M | Scene, ViewLayer | Updating Geometry BVH Pocket L • hand opening 45/59 | Building BVH
Fra:1 Mem:420.40M (Peak 490.04M) | Time:00:05.28 | Mem:49.61M, Peak:52.17M | Scene, ViewLayer | Updating Geometry BVH Pocket L • hand opening 45/59 | Building OptiX acceleration structure
Fra:1 Mem:421.09M (Peak 490.04M) | Time:00:05.28 | Mem:50.43M, Peak:52.17M | Scene, ViewLayer | Updating Geometry BVH Pocket L • topstitch 46/59 | Building BVH
Fra:1 Mem:421.09M (Peak 490.04M) | Time:00:05.28 | Mem:50.43M, Peak:52.17M | Scene, ViewLayer | Updating Geometry BVH Pocket L • topstitch 46/59 | Building OptiX acceleration structure
Fra:1 Mem:421.54M (Peak 490.04M) | Time:00:05.28 | Mem:50.82M, Peak:52.17M | Scene, ViewLayer | Updating Geometry BVH Pocket R • sewn fabric panel 47/59 | Building BVH
Fra:1 Mem:421.54M (Peak 490.04M) | Time:00:05.28 | Mem:50.92M, Peak:52.17M | Scene, ViewLayer | Updating Geometry BVH Pocket R • sewn fabric panel 47/59 | Building OptiX acceleration structure
Fra:1 Mem:421.61M (Peak 490.04M) | Time:00:05.28 | Mem:51.26M, Peak:52.17M | Scene, ViewLayer | Updating Geometry BVH Pocket R • hand opening 48/59 | Building BVH
Fra:1 Mem:421.61M (Peak 490.04M) | Time:00:05.28 | Mem:51.26M, Peak:52.17M | Scene, ViewLayer | Updating Geometry BVH Pocket R • hand opening 48/59 | Building OptiX acceleration structure
Fra:1 Mem:422.13M (Peak 490.04M) | Time:00:05.28 | Mem:51.59M, Peak:52.28M | Scene, ViewLayer | Updating Geometry BVH Pocket R • topstitch 49/59 | Building BVH
Fra:1 Mem:422.13M (Peak 490.04M) | Time:00:05.28 | Mem:51.59M, Peak:52.28M | Scene, ViewLayer | Updating Geometry BVH Pocket R • topstitch 49/59 | Building OptiX acceleration structure
Fra:1 Mem:416.68M (Peak 490.04M) | Time:00:05.28 | Mem:56.46M, Peak:81.77M | Scene, ViewLayer | Updating Geometry BVH Hoodie • flat zipper placket 50/59 | Building BVH
Fra:1 Mem:416.68M (Peak 490.04M) | Time:00:05.28 | Mem:56.46M, Peak:81.77M | Scene, ViewLayer | Updating Geometry BVH Hoodie • flat zipper placket 50/59 | Building OptiX acceleration structure
Fra:1 Mem:416.01M (Peak 490.04M) | Time:00:05.28 | Mem:52.98M, Peak:81.77M | Scene, ViewLayer | Updating Geometry BVH Hoodie • centered zipper seam 51/59 | Building BVH
Fra:1 Mem:416.01M (Peak 490.04M) | Time:00:05.28 | Mem:52.98M, Peak:81.77M | Scene, ViewLayer | Updating Geometry BVH Hoodie • centered zipper seam 51/59 | Building OptiX acceleration structure
Fra:1 Mem:406.10M (Peak 490.04M) | Time:00:05.29 | Mem:55.08M, Peak:101.36M | Scene, ViewLayer | Updating Geometry BVH Sphere.005 52/59 | Building BVH
Fra:1 Mem:406.10M (Peak 490.04M) | Time:00:05.29 | Mem:55.08M, Peak:101.36M | Scene, ViewLayer | Updating Geometry BVH Sphere.005 52/59 | Building OptiX acceleration structure
Fra:1 Mem:406.12M (Peak 490.04M) | Time:00:05.29 | Mem:55.08M, Peak:101.36M | Scene, ViewLayer | Updating Geometry BVH Hoodie • soft drawcord -0.165 53/59 | Building BVH
Fra:1 Mem:406.12M (Peak 490.04M) | Time:00:05.29 | Mem:55.09M, Peak:101.36M | Scene, ViewLayer | Updating Geometry BVH Hoodie • soft drawcord -0.165 53/59 | Building OptiX acceleration structure
Fra:1 Mem:405.98M (Peak 490.04M) | Time:00:05.29 | Mem:54.26M, Peak:101.36M | Scene, ViewLayer | Updating Geometry BVH Sphere.006 54/59 | Building BVH
Fra:1 Mem:405.98M (Peak 490.04M) | Time:00:05.29 | Mem:55.83M, Peak:101.36M | Scene, ViewLayer | Updating Geometry BVH Sphere.006 54/59 | Building OptiX acceleration structure
Fra:1 Mem:405.29M (Peak 490.04M) | Time:00:05.29 | Mem:55.08M, Peak:101.36M | Scene, ViewLayer | Updating Geometry BVH Hoodie • soft drawcord 0.15 55/59 | Building BVH
Fra:1 Mem:405.29M (Peak 490.04M) | Time:00:05.29 | Mem:55.08M, Peak:101.36M | Scene, ViewLayer | Updating Geometry BVH Hoodie • soft drawcord 0.15 55/59 | Building OptiX acceleration structure
Fra:1 Mem:404.97M (Peak 490.04M) | Time:00:05.29 | Mem:54.79M, Peak:101.36M | Scene, ViewLayer | Updating Geometry BVH Sphere.007 56/59 | Building BVH
Fra:1 Mem:404.97M (Peak 490.04M) | Time:00:05.29 | Mem:54.79M, Peak:101.36M | Scene, ViewLayer | Updating Geometry BVH Sphere.007 56/59 | Building OptiX acceleration structure
Fra:1 Mem:397.81M (Peak 490.04M) | Time:00:05.31 | Mem:55.10M, Peak:101.36M | Scene, ViewLayer | Updating Scene BVH | Building
Fra:1 Mem:397.81M (Peak 490.04M) | Time:00:05.31 | Mem:55.10M, Peak:101.36M | Scene, ViewLayer | Updating Scene BVH | Building OptiX acceleration structure
Fra:1 Mem:397.81M (Peak 490.04M) | Time:00:05.31 | Mem:55.11M, Peak:101.36M | Scene, ViewLayer | Updating Scene BVH | Copying BVH to device
Fra:1 Mem:397.81M (Peak 490.04M) | Time:00:05.31 | Mem:55.11M, Peak:101.36M | Scene, ViewLayer | Updating Mesh | Computing normals
Fra:1 Mem:451.71M (Peak 490.04M) | Time:00:05.32 | Mem:55.11M, Peak:101.36M | Scene, ViewLayer | Updating Mesh | Copying Mesh to device
Fra:1 Mem:451.71M (Peak 490.04M) | Time:00:05.34 | Mem:109.01M, Peak:109.01M | Scene, ViewLayer | Updating Objects Flags
Fra:1 Mem:451.71M (Peak 490.04M) | Time:00:05.34 | Mem:109.01M, Peak:109.01M | Scene, ViewLayer | Updating Primitive Offsets
Fra:1 Mem:451.71M (Peak 490.04M) | Time:00:05.34 | Mem:109.01M, Peak:109.01M | Scene, ViewLayer | Updating Images
Fra:1 Mem:451.71M (Peak 490.04M) | Time:00:05.34 | Mem:109.01M, Peak:109.01M | Scene, ViewLayer | Updating Camera Volume
Fra:1 Mem:451.71M (Peak 490.04M) | Time:00:05.34 | Mem:109.01M, Peak:109.01M | Scene, ViewLayer | Updating Lookup Tables
Fra:1 Mem:451.71M (Peak 490.04M) | Time:00:05.34 | Mem:109.09M, Peak:109.09M | Scene, ViewLayer | Updating Lights
Fra:1 Mem:451.71M (Peak 490.04M) | Time:00:05.34 | Mem:109.09M, Peak:109.09M | Scene, ViewLayer | Updating Lights | Computing distribution
Fra:1 Mem:451.71M (Peak 490.04M) | Time:00:05.34 | Mem:109.09M, Peak:109.09M | Scene, ViewLayer | Updating Lights | Computing tree
Fra:1 Mem:451.71M (Peak 490.04M) | Time:00:05.34 | Mem:109.09M, Peak:109.09M | Scene, ViewLayer | Updating Integrator
Fra:1 Mem:452.71M (Peak 490.04M) | Time:00:05.34 | Mem:110.09M, Peak:110.09M | Scene, ViewLayer | Updating Film
Fra:1 Mem:452.72M (Peak 490.04M) | Time:00:05.34 | Mem:110.01M, Peak:110.09M | Scene, ViewLayer | Updating Lookup Tables
Fra:1 Mem:452.72M (Peak 490.04M) | Time:00:05.34 | Mem:110.09M, Peak:110.09M | Scene, ViewLayer | Updating Baking
Fra:1 Mem:452.72M (Peak 490.04M) | Time:00:05.34 | Mem:110.09M, Peak:110.09M | Scene, ViewLayer | Updating Device | Writing constant memory
Fra:1 Mem:452.72M (Peak 490.04M) | Time:00:05.34 | Mem:110.09M, Peak:110.09M | Scene, ViewLayer | Loading denoising kernels (may take a few minutes the first time)
Fra:1 Mem:456.72M (Peak 490.04M) | Time:00:05.35 | Mem:450.10M, Peak:450.10M | Scene, ViewLayer | Sample 0/96
Fra:1 Mem:561.10M (Peak 561.10M) | Time:00:05.37 | Remaining:00:01.94 | Mem:554.47M, Peak:554.47M | Scene, ViewLayer | Sample 1/96
Fra:1 Mem:561.11M (Peak 561.11M) | Time:00:06.27 | Remaining:00:00.18 | Mem:554.48M, Peak:554.48M | Scene, ViewLayer | Sample 80/96
Fra:1 Mem:605.05M (Peak 670.97M) | Time:00:07.63 | Mem:554.48M, Peak:554.48M | Scene, ViewLayer | Sample 96/96
Fra:1 Mem:605.05M (Peak 670.97M) | Time:00:07.63 | Mem:554.48M, Peak:554.48M | Scene, ViewLayer | Finished
Saved: 'E:\code\catgrayprj\CatGrayWiki\logo\ip\model_3d\preview_back.png'
Time: 00:07.78 (Saving: 00:00.09)

RENDER_VIEW hero
Fra:1 Mem:371.54M (Peak 372.70M) | Time:00:05.00 | Mem:0.00M, Peak:0.00M | Scene, ViewLayer | Synchronizing object | Head • continuous shaped surface
Fra:1 Mem:371.54M (Peak 372.70M) | Time:00:05.00 | Mem:0.00M, Peak:0.00M | Scene, ViewLayer | Synchronizing object | Ear L • rounded outer shell
Fra:1 Mem:371.54M (Peak 372.70M) | Time:00:05.00 | Mem:0.00M, Peak:0.00M | Scene, ViewLayer | Synchronizing object | Ear L • rounded outer shell • perimeter
Fra:1 Mem:376.04M (Peak 376.21M) | Time:00:05.00 | Mem:0.00M, Peak:0.00M | Scene, ViewLayer | Synchronizing object | Ear L • inset pink
Fra:1 Mem:376.04M (Peak 376.21M) | Time:00:05.00 | Mem:0.00M, Peak:0.00M | Scene, ViewLayer | Synchronizing object | Ear L • inset pink • perimeter
Fra:1 Mem:378.18M (Peak 378.39M) | Time:00:05.00 | Mem:0.00M, Peak:0.00M | Scene, ViewLayer | Synchronizing object | Ear R • rounded outer shell • perimeter
Fra:1 Mem:378.49M (Peak 378.49M) | Time:00:05.00 | Mem:0.00M, Peak:0.00M | Scene, ViewLayer | Synchronizing object | Ear R • rounded outer shell
Fra:1 Mem:380.47M (Peak 380.47M) | Time:00:05.00 | Mem:0.00M, Peak:0.00M | Scene, ViewLayer | Synchronizing object | Ear R • inset pink • perimeter
Fra:1 Mem:380.48M (Peak 380.79M) | Time:00:05.00 | Mem:0.00M, Peak:0.00M | Scene, ViewLayer | Synchronizing object | Ear R • inset pink
Fra:1 Mem:382.61M (Peak 382.61M) | Time:00:05.00 | Mem:0.00M, Peak:0.00M | Scene, ViewLayer | Synchronizing object | Eye L • charcoal socket
Fra:1 Mem:382.61M (Peak 382.61M) | Time:00:05.00 | Mem:0.00M, Peak:0.00M | Scene, ViewLayer | Synchronizing object | Eye L • pupil
Fra:1 Mem:382.78M (Peak 382.78M) | Time:00:05.00 | Mem:0.00M, Peak:0.00M | Scene, ViewLayer | Synchronizing object | Eye L • honey crescent
Fra:1 Mem:384.25M (Peak 384.25M) | Time:00:05.00 | Mem:0.00M, Peak:0.00M | Scene, ViewLayer | Synchronizing object | Eye L • catchlight 1
Fra:1 Mem:384.25M (Peak 384.25M) | Time:00:05.00 | Mem:0.00M, Peak:0.00M | Scene, ViewLayer | Synchronizing object | Eye R • orange iris
Fra:1 Mem:384.32M (Peak 384.32M) | Time:00:05.00 | Mem:0.00M, Peak:0.00M | Scene, ViewLayer | Synchronizing object | Eye R • honey crescent
Fra:1 Mem:386.04M (Peak 386.04M) | Time:00:05.00 | Mem:0.00M, Peak:0.00M | Scene, ViewLayer | Synchronizing object | Eye R • catchlight 1
Fra:1 Mem:386.04M (Peak 386.04M) | Time:00:05.00 | Mem:0.00M, Peak:0.00M | Scene, ViewLayer | Synchronizing object | Face • pink tongue • perimeter
Fra:1 Mem:388.35M (Peak 388.56M) | Time:00:05.00 | Mem:0.00M, Peak:0.00M | Scene, ViewLayer | Synchronizing object | Face • philtrum
Fra:1 Mem:388.40M (Peak 388.56M) | Time:00:05.00 | Mem:0.00M, Peak:0.00M | Scene, ViewLayer | Synchronizing object | Face • smile L
Fra:1 Mem:388.53M (Peak 388.56M) | Time:00:05.00 | Mem:0.00M, Peak:0.00M | Scene, ViewLayer | Synchronizing object | Face • smile R
Fra:1 Mem:388.67M (Peak 388.67M) | Time:00:05.00 | Mem:0.00M, Peak:0.00M | Scene, ViewLayer | Synchronizing object | Hoodie • continuous torso and sleeves
Fra:1 Mem:388.67M (Peak 388.67M) | Time:00:05.00 | Mem:0.00M, Peak:0.00M | Scene, ViewLayer | Synchronizing object | Cuff L • inset hem stitch
Fra:1 Mem:423.30M (Peak 423.30M) | Time:00:05.00 | Mem:0.00M, Peak:0.00M | Scene, ViewLayer | Synchronizing object | Hand L • relaxed mitten
Fra:1 Mem:425.29M (Peak 425.29M) | Time:00:05.00 | Mem:0.00M, Peak:0.00M | Scene, ViewLayer | Synchronizing object | Cuff R • inset hem stitch
Fra:1 Mem:447.18M (Peak 447.18M) | Time:00:05.01 | Mem:0.00M, Peak:0.00M | Scene, ViewLayer | Synchronizing object | Hood • soft rolled outer hem
Fra:1 Mem:447.71M (Peak 447.71M) | Time:00:05.01 | Mem:0.00M, Peak:0.00M | Scene, ViewLayer | Synchronizing object | Hand R • relaxed mitten
Fra:1 Mem:450.31M (Peak 450.31M) | Time:00:05.01 | Mem:0.00M, Peak:0.00M | Scene, ViewLayer | Synchronizing object | Hood • continuous folded cloth
Fra:1 Mem:460.65M (Peak 460.65M) | Time:00:05.01 | Mem:0.00M, Peak:0.00M | Scene, ViewLayer | Synchronizing object | Hood • fine perimeter seam
Fra:1 Mem:469.93M (Peak 471.78M) | Time:00:05.02 | Mem:0.00M, Peak:0.00M | Scene, ViewLayer | Synchronizing object | Hood • neckline fold
Fra:1 Mem:473.41M (Peak 473.76M) | Time:00:05.02 | Mem:0.00M, Peak:0.00M | Scene, ViewLayer | Synchronizing object | Hoodie • soft waistband
Fra:1 Mem:473.41M (Peak 473.76M) | Time:00:05.02 | Mem:0.00M, Peak:0.00M | Scene, ViewLayer | Synchronizing object | Pocket L • hand opening
Fra:1 Mem:483.86M (Peak 483.86M) | Time:00:05.02 | Mem:0.00M, Peak:0.00M | Scene, ViewLayer | Synchronizing object | Pocket L • topstitch
Fra:1 Mem:485.77M (Peak 485.77M) | Time:00:05.02 | Mem:0.00M, Peak:0.00M | Scene, ViewLayer | Synchronizing object | Pocket R • hand opening
Fra:1 Mem:481.93M (Peak 485.77M) | Time:00:05.02 | Mem:0.00M, Peak:0.00M | Scene, ViewLayer | Synchronizing object | Pocket R • sewn fabric panel
Fra:1 Mem:485.11M (Peak 485.77M) | Time:00:05.02 | Mem:0.00M, Peak:0.00M | Scene, ViewLayer | Synchronizing object | Pocket R • topstitch
Fra:1 Mem:487.02M (Peak 487.22M) | Time:00:05.02 | Mem:0.00M, Peak:0.00M | Scene, ViewLayer | Synchronizing object | Hoodie • flat zipper placket
Fra:1 Mem:487.04M (Peak 487.22M) | Time:00:05.02 | Mem:0.00M, Peak:0.00M | Scene, ViewLayer | Synchronizing object | Hoodie • centered zipper seam
Fra:1 Mem:487.34M (Peak 487.34M) | Time:00:05.02 | Mem:0.00M, Peak:0.00M | Scene, ViewLayer | Synchronizing object | Hoodie • small zipper pull
Fra:1 Mem:487.34M (Peak 487.34M) | Time:00:05.02 | Mem:0.00M, Peak:0.00M | Scene, ViewLayer | Synchronizing object | Hoodie • soft drawcord -0.165
Fra:1 Mem:487.52M (Peak 487.52M) | Time:00:05.02 | Mem:0.00M, Peak:0.00M | Scene, ViewLayer | Synchronizing object | Hoodie • soft drawcord 0.15
Fra:1 Mem:487.54M (Peak 487.54M) | Time:00:05.02 | Mem:0.00M, Peak:0.00M | Scene, ViewLayer | Synchronizing object | Hoodie • drawcord tip -0.165
Fra:1 Mem:487.68M (Peak 487.68M) | Time:00:05.02 | Mem:0.00M, Peak:0.00M | Scene, ViewLayer | Synchronizing object | Tail • continuous upright curl
Fra:1 Mem:487.73M (Peak 487.73M) | Time:00:05.02 | Mem:0.00M, Peak:0.00M | Scene, ViewLayer | Synchronizing object | Hoodie • drawcord tip 0.15
Fra:1 Mem:488.02M (Peak 488.02M) | Time:00:05.02 | Mem:0.00M, Peak:0.00M | Scene, ViewLayer | Synchronizing object | Tail • rounded tip
Fra:1 Mem:488.09M (Peak 488.09M) | Time:00:05.02 | Mem:0.00M, Peak:0.00M | Scene, ViewLayer | Synchronizing object | Studio floor
Fra:1 Mem:488.13M (Peak 488.13M) | Time:00:05.02 | Mem:0.00M, Peak:0.00M | Scene, ViewLayer | Initializing
Fra:1 Mem:354.84M (Peak 488.13M) | Time:00:05.03 | Mem:0.00M, Peak:0.00M | Scene, ViewLayer | Updating Images | Loading CatGray_Fur_BaseColor.png
Fra:1 Mem:363.89M (Peak 488.13M) | Time:00:05.14 | Mem:12.00M, Peak:12.00M | Scene, ViewLayer | Waiting for render to start
Fra:1 Mem:363.89M (Peak 488.13M) | Time:00:05.14 | Mem:12.00M, Peak:12.00M | Scene, ViewLayer | Loading render kernels (may take a few minutes the first time)
Fra:1 Mem:363.89M (Peak 488.13M) | Time:00:05.22 | Mem:12.02M, Peak:12.02M | Scene, ViewLayer | Updating Scene
Fra:1 Mem:363.89M (Peak 488.13M) | Time:00:05.22 | Mem:12.02M, Peak:12.02M | Scene, ViewLayer | Updating Shaders
Fra:1 Mem:363.99M (Peak 488.13M) | Time:00:05.22 | Mem:12.03M, Peak:12.03M | Scene, ViewLayer | Updating Procedurals
Fra:1 Mem:363.99M (Peak 488.13M) | Time:00:05.22 | Mem:12.03M, Peak:12.03M | Scene, ViewLayer | Updating Background
Fra:1 Mem:363.99M (Peak 488.13M) | Time:00:05.22 | Mem:12.03M, Peak:12.03M | Scene, ViewLayer | Updating Camera
Fra:1 Mem:363.99M (Peak 488.13M) | Time:00:05.22 | Mem:12.03M, Peak:12.03M | Scene, ViewLayer | Updating Meshes Flags
Fra:1 Mem:363.99M (Peak 488.13M) | Time:00:05.22 | Mem:12.03M, Peak:12.03M | Scene, ViewLayer | Updating Objects
Fra:1 Mem:363.99M (Peak 488.13M) | Time:00:05.22 | Mem:12.03M, Peak:12.03M | Scene, ViewLayer | Updating Objects | Copying Transformations to device
Fra:1 Mem:364.00M (Peak 488.13M) | Time:00:05.22 | Mem:12.04M, Peak:12.04M | Scene, ViewLayer | Updating Objects | Applying Static Transformations
Fra:1 Mem:364.00M (Peak 488.13M) | Time:00:05.22 | Mem:12.04M, Peak:12.04M | Scene, ViewLayer | Updating Particle Systems
Fra:1 Mem:364.00M (Peak 488.13M) | Time:00:05.22 | Mem:12.04M, Peak:12.04M | Scene, ViewLayer | Updating Particle Systems | Copying Particles to device
Fra:1 Mem:364.00M (Peak 488.13M) | Time:00:05.22 | Mem:12.04M, Peak:12.04M | Scene, ViewLayer | Updating Meshes
Fra:1 Mem:387.93M (Peak 488.13M) | Time:00:05.25 | Mem:12.04M, Peak:12.04M | Scene, ViewLayer | Updating Mesh | Computing attributes
Fra:1 Mem:397.82M (Peak 488.13M) | Time:00:05.25 | Mem:12.05M, Peak:12.05M | Scene, ViewLayer | Updating Mesh | Copying Attributes to device
Fra:1 Mem:397.81M (Peak 488.13M) | Time:00:05.26 | Mem:21.92M, Peak:21.92M | Scene, ViewLayer | Updating Geometry BVH Plane 59/59 | Building BVH
Fra:1 Mem:397.81M (Peak 488.13M) | Time:00:05.26 | Mem:21.92M, Peak:21.92M | Scene, ViewLayer | Updating Geometry BVH Sphere 15/59 | Building BVH
Fra:1 Mem:397.81M (Peak 488.13M) | Time:00:05.26 | Mem:21.92M, Peak:21.92M | Scene, ViewLayer | Updating Geometry BVH Head • continuous shaped surface 1/59 | Building BVH
Fra:1 Mem:397.81M (Peak 488.13M) | Time:00:05.26 | Mem:21.92M, Peak:21.92M | Scene, ViewLayer | Updating Geometry BVH Ear L • inset pink • perimeter 5/59 | Building BVH
Fra:1 Mem:397.81M (Peak 488.13M) | Time:00:05.26 | Mem:21.92M, Peak:21.92M | Scene, ViewLayer | Updating Geometry BVH Ear R • inset pink • perimeter 9/59 | Building OptiX acceleration structure
Fra:1 Mem:401.41M (Peak 488.13M) | Time:00:05.26 | Mem:25.73M, Peak:25.76M | Scene, ViewLayer | Updating Geometry BVH Eye R • pupil 20/59 | Building BVH
Fra:1 Mem:401.41M (Peak 488.13M) | Time:00:05.26 | Mem:25.73M, Peak:25.76M | Scene, ViewLayer | Updating Geometry BVH Eye R • pupil 20/59 | Building OptiX acceleration structure
Fra:1 Mem:401.42M (Peak 488.13M) | Time:00:05.26 | Mem:25.80M, Peak:25.80M | Scene, ViewLayer | Updating Geometry BVH Eye R • honey crescent 21/59 | Building BVH
Fra:1 Mem:401.42M (Peak 488.13M) | Time:00:05.26 | Mem:25.80M, Peak:25.80M | Scene, ViewLayer | Updating Geometry BVH Eye R • honey crescent 21/59 | Building OptiX acceleration structure
Fra:1 Mem:401.70M (Peak 488.13M) | Time:00:05.26 | Mem:25.92M, Peak:26.11M | Scene, ViewLayer | Updating Geometry BVH Sphere.002 22/59 | Building BVH
Fra:1 Mem:401.70M (Peak 488.13M) | Time:00:05.26 | Mem:26.20M, Peak:26.20M | Scene, ViewLayer | Updating Geometry BVH Sphere.002 22/59 | Building OptiX acceleration structure
Fra:1 Mem:401.68M (Peak 488.13M) | Time:00:05.26 | Mem:25.96M, Peak:26.23M | Scene, ViewLayer | Updating Geometry BVH Sphere.003 23/59 | Building BVH
Fra:1 Mem:401.68M (Peak 488.13M) | Time:00:05.26 | Mem:25.96M, Peak:26.23M | Scene, ViewLayer | Updating Geometry BVH Sphere.003 23/59 | Building OptiX acceleration structure
Fra:1 Mem:401.67M (Peak 488.13M) | Time:00:05.26 | Mem:26.12M, Peak:26.23M | Scene, ViewLayer | Updating Geometry BVH Face • little charcoal nose 24/59 | Building BVH
Fra:1 Mem:401.67M (Peak 488.13M) | Time:00:05.26 | Mem:26.12M, Peak:26.23M | Scene, ViewLayer | Updating Geometry BVH Face • little charcoal nose 24/59 | Building OptiX acceleration structure
Fra:1 Mem:401.67M (Peak 488.13M) | Time:00:05.26 | Mem:26.02M, Peak:26.23M | Scene, ViewLayer | Updating Geometry BVH Face • pink tongue 25/59 | Building BVH
Fra:1 Mem:401.67M (Peak 488.13M) | Time:00:05.26 | Mem:26.02M, Peak:26.23M | Scene, ViewLayer | Updating Geometry BVH Face • pink tongue 25/59 | Building OptiX acceleration structure
Fra:1 Mem:401.16M (Peak 488.13M) | Time:00:05.27 | Mem:27.69M, Peak:28.71M | Scene, ViewLayer | Updating Geometry BVH Face • pink tongue • perimeter 26/59 | Building BVH
Fra:1 Mem:401.16M (Peak 488.13M) | Time:00:05.27 | Mem:27.69M, Peak:28.71M | Scene, ViewLayer | Updating Geometry BVH Face • pink tongue • perimeter 26/59 | Building OptiX acceleration structure
Fra:1 Mem:401.37M (Peak 488.13M) | Time:00:05.27 | Mem:26.61M, Peak:28.71M | Scene, ViewLayer | Updating Geometry BVH Face • philtrum 27/59 | Building BVH
Fra:1 Mem:401.37M (Peak 488.13M) | Time:00:05.27 | Mem:27.78M, Peak:28.71M | Scene, ViewLayer | Updating Geometry BVH Face • philtrum 27/59 | Building OptiX acceleration structure
Fra:1 Mem:400.86M (Peak 488.13M) | Time:00:05.27 | Mem:26.86M, Peak:29.28M | Scene, ViewLayer | Updating Geometry BVH Face • smile L 28/59 | Building BVH
Fra:1 Mem:400.86M (Peak 488.13M) | Time:00:05.27 | Mem:26.86M, Peak:29.28M | Scene, ViewLayer | Updating Geometry BVH Face • smile L 28/59 | Building OptiX acceleration structure
Fra:1 Mem:400.85M (Peak 488.13M) | Time:00:05.27 | Mem:26.89M, Peak:29.28M | Scene, ViewLayer | Updating Geometry BVH Face • smile R 29/59 | Building BVH
Fra:1 Mem:400.85M (Peak 488.13M) | Time:00:05.27 | Mem:26.89M, Peak:29.28M | Scene, ViewLayer | Updating Geometry BVH Face • smile R 29/59 | Building OptiX acceleration structure
Fra:1 Mem:400.84M (Peak 488.13M) | Time:00:05.27 | Mem:28.92M, Peak:29.28M | Scene, ViewLayer | Updating Geometry BVH Hoodie • torso before tailoring 30/59 | Building BVH
Fra:1 Mem:400.84M (Peak 488.13M) | Time:00:05.27 | Mem:28.92M, Peak:29.28M | Scene, ViewLayer | Updating Geometry BVH Hoodie • torso before tailoring 30/59 | Building OptiX acceleration structure
Fra:1 Mem:405.93M (Peak 488.13M) | Time:00:05.27 | Mem:29.50M, Peak:29.50M | Scene, ViewLayer | Updating Geometry BVH Leg L • complete paw silhouette 31/59 | Building BVH
Fra:1 Mem:405.93M (Peak 488.13M) | Time:00:05.27 | Mem:29.50M, Peak:29.50M | Scene, ViewLayer | Updating Geometry BVH Leg L • complete paw silhouette 31/59 | Building OptiX acceleration structure
Fra:1 Mem:412.80M (Peak 488.13M) | Time:00:05.27 | Mem:27.16M, Peak:29.50M | Scene, ViewLayer | Updating Geometry BVH Cuff L • rounded rib band 32/59 | Building BVH
Fra:1 Mem:412.80M (Peak 488.13M) | Time:00:05.27 | Mem:27.16M, Peak:29.50M | Scene, ViewLayer | Updating Geometry BVH Cuff L • rounded rib band 32/59 | Building OptiX acceleration structure
Fra:1 Mem:415.31M (Peak 488.13M) | Time:00:05.27 | Mem:27.06M, Peak:29.50M | Scene, ViewLayer | Updating Geometry BVH Cuff L • inset hem stitch 33/59 | Building BVH
Fra:1 Mem:415.31M (Peak 488.13M) | Time:00:05.27 | Mem:28.24M, Peak:29.50M | Scene, ViewLayer | Updating Geometry BVH Cuff L • inset hem stitch 33/59 | Building OptiX acceleration structure
Fra:1 Mem:415.48M (Peak 488.13M) | Time:00:05.28 | Mem:43.54M, Peak:45.97M | Scene, ViewLayer | Updating Geometry BVH Hand L • relaxed mitten 34/59 | Building BVH
Fra:1 Mem:415.48M (Peak 488.13M) | Time:00:05.28 | Mem:43.54M, Peak:45.97M | Scene, ViewLayer | Updating Geometry BVH Hand L • relaxed mitten 34/59 | Building OptiX acceleration structure
Fra:1 Mem:415.79M (Peak 488.13M) | Time:00:05.28 | Mem:43.87M, Peak:45.97M | Scene, ViewLayer | Updating Geometry BVH Cuff R • rounded rib band 35/59 | Building BVH
Fra:1 Mem:415.79M (Peak 488.13M) | Time:00:05.28 | Mem:43.87M, Peak:45.97M | Scene, ViewLayer | Updating Geometry BVH Cuff R • rounded rib band 35/59 | Building OptiX acceleration structure
Fra:1 Mem:415.93M (Peak 488.13M) | Time:00:05.28 | Mem:44.08M, Peak:45.97M | Scene, ViewLayer | Updating Geometry BVH Cuff R • inset hem stitch 36/59 | Building BVH
Fra:1 Mem:415.93M (Peak 488.13M) | Time:00:05.28 | Mem:44.08M, Peak:45.97M | Scene, ViewLayer | Updating Geometry BVH Cuff R • inset hem stitch 36/59 | Building OptiX acceleration structure
Fra:1 Mem:416.60M (Peak 488.13M) | Time:00:05.28 | Mem:44.58M, Peak:45.97M | Scene, ViewLayer | Updating Geometry BVH Hand R • relaxed mitten 37/59 | Building BVH
Fra:1 Mem:416.60M (Peak 488.13M) | Time:00:05.28 | Mem:44.67M, Peak:45.97M | Scene, ViewLayer | Updating Geometry BVH Hand R • relaxed mitten 37/59 | Building OptiX acceleration structure
Fra:1 Mem:416.90M (Peak 488.13M) | Time:00:05.28 | Mem:44.94M, Peak:45.97M | Scene, ViewLayer | Updating Geometry BVH Hood • continuous folded cloth 38/59 | Building BVH
Fra:1 Mem:416.90M (Peak 488.13M) | Time:00:05.28 | Mem:44.94M, Peak:45.97M | Scene, ViewLayer | Updating Geometry BVH Hood • continuous folded cloth 38/59 | Building OptiX acceleration structure
Fra:1 Mem:417.68M (Peak 488.13M) | Time:00:05.28 | Mem:44.93M, Peak:45.97M | Scene, ViewLayer | Updating Geometry BVH Sphere.008 58/59 | Building BVH
Fra:1 Mem:417.68M (Peak 488.13M) | Time:00:05.28 | Mem:45.13M, Peak:45.97M | Scene, ViewLayer | Updating Geometry BVH Sphere.008 58/59 | Building OptiX acceleration structure
Fra:1 Mem:418.21M (Peak 488.13M) | Time:00:05.28 | Mem:47.00M, Peak:47.00M | Scene, ViewLayer | Updating Geometry BVH Hood • soft rolled outer hem 39/59 | Building BVH
Fra:1 Mem:418.21M (Peak 488.13M) | Time:00:05.28 | Mem:47.00M, Peak:47.00M | Scene, ViewLayer | Updating Geometry BVH Hood • soft rolled outer hem 39/59 | Building OptiX acceleration structure
Fra:1 Mem:418.77M (Peak 488.13M) | Time:00:05.28 | Mem:47.35M, Peak:48.77M | Scene, ViewLayer | Updating Geometry BVH Hood • fine perimeter seam 40/59 | Building BVH
Fra:1 Mem:418.77M (Peak 488.13M) | Time:00:05.28 | Mem:47.35M, Peak:48.77M | Scene, ViewLayer | Updating Geometry BVH Hood • fine perimeter seam 40/59 | Building OptiX acceleration structure
Fra:1 Mem:419.61M (Peak 488.13M) | Time:00:05.28 | Mem:48.23M, Peak:48.77M | Scene, ViewLayer | Updating Geometry BVH Hood • neckline fold 41/59 | Building BVH
Fra:1 Mem:419.61M (Peak 488.13M) | Time:00:05.28 | Mem:48.23M, Peak:48.77M | Scene, ViewLayer | Updating Geometry BVH Hood • neckline fold 41/59 | Building OptiX acceleration structure
Fra:1 Mem:420.46M (Peak 488.13M) | Time:00:05.28 | Mem:48.05M, Peak:48.77M | Scene, ViewLayer | Updating Geometry BVH Neckline • inset white undershirt 42/59 | Building BVH
Fra:1 Mem:420.46M (Peak 488.13M) | Time:00:05.28 | Mem:48.16M, Peak:48.77M | Scene, ViewLayer | Updating Geometry BVH Neckline • inset white undershirt 42/59 | Building OptiX acceleration structure
Fra:1 Mem:420.46M (Peak 488.13M) | Time:00:05.28 | Mem:49.07M, Peak:49.07M | Scene, ViewLayer | Updating Geometry BVH Hoodie • soft waistband 43/59 | Building BVH
Fra:1 Mem:420.46M (Peak 488.13M) | Time:00:05.28 | Mem:49.07M, Peak:49.07M | Scene, ViewLayer | Updating Geometry BVH Hoodie • soft waistband 43/59 | Building OptiX acceleration structure
Fra:1 Mem:420.81M (Peak 488.13M) | Time:00:05.28 | Mem:49.33M, Peak:49.45M | Scene, ViewLayer | Updating Geometry BVH Pocket L • sewn fabric panel 44/59 | Building BVH
Fra:1 Mem:420.81M (Peak 488.13M) | Time:00:05.28 | Mem:49.33M, Peak:49.45M | Scene, ViewLayer | Updating Geometry BVH Pocket L • sewn fabric panel 44/59 | Building OptiX acceleration structure
Fra:1 Mem:420.38M (Peak 488.13M) | Time:00:05.29 | Mem:49.53M, Peak:52.09M | Scene, ViewLayer | Updating Geometry BVH Pocket L • hand opening 45/59 | Building BVH
Fra:1 Mem:420.38M (Peak 488.13M) | Time:00:05.29 | Mem:49.53M, Peak:52.09M | Scene, ViewLayer | Updating Geometry BVH Pocket L • hand opening 45/59 | Building OptiX acceleration structure
Fra:1 Mem:421.07M (Peak 488.13M) | Time:00:05.29 | Mem:49.64M, Peak:52.09M | Scene, ViewLayer | Updating Geometry BVH Pocket L • topstitch 46/59 | Building BVH
Fra:1 Mem:421.07M (Peak 488.13M) | Time:00:05.29 | Mem:49.64M, Peak:52.09M | Scene, ViewLayer | Updating Geometry BVH Pocket L • topstitch 46/59 | Building OptiX acceleration structure
Fra:1 Mem:421.52M (Peak 488.13M) | Time:00:05.29 | Mem:50.83M, Peak:52.09M | Scene, ViewLayer | Updating Geometry BVH Pocket R • sewn fabric panel 47/59 | Building BVH
Fra:1 Mem:421.52M (Peak 488.13M) | Time:00:05.29 | Mem:50.83M, Peak:52.09M | Scene, ViewLayer | Updating Geometry BVH Pocket R • sewn fabric panel 47/59 | Building OptiX acceleration structure
Fra:1 Mem:421.59M (Peak 488.13M) | Time:00:05.29 | Mem:51.68M, Peak:52.09M | Scene, ViewLayer | Updating Geometry BVH Pocket R • hand opening 48/59 | Building BVH
Fra:1 Mem:421.59M (Peak 488.13M) | Time:00:05.29 | Mem:51.68M, Peak:52.09M | Scene, ViewLayer | Updating Geometry BVH Pocket R • hand opening 48/59 | Building OptiX acceleration structure
Fra:1 Mem:422.11M (Peak 488.13M) | Time:00:05.29 | Mem:51.50M, Peak:52.38M | Scene, ViewLayer | Updating Geometry BVH Pocket R • topstitch 49/59 | Building BVH
Fra:1 Mem:422.11M (Peak 488.13M) | Time:00:05.29 | Mem:51.50M, Peak:52.38M | Scene, ViewLayer | Updating Geometry BVH Pocket R • topstitch 49/59 | Building OptiX acceleration structure
Fra:1 Mem:412.99M (Peak 488.13M) | Time:00:05.30 | Mem:56.61M, Peak:100.13M | Scene, ViewLayer | Updating Geometry BVH Hoodie • flat zipper placket 50/59 | Building BVH
Fra:1 Mem:412.99M (Peak 488.13M) | Time:00:05.30 | Mem:56.61M, Peak:100.13M | Scene, ViewLayer | Updating Geometry BVH Hoodie • flat zipper placket 50/59 | Building OptiX acceleration structure
Fra:1 Mem:412.32M (Peak 488.13M) | Time:00:05.30 | Mem:66.37M, Peak:100.13M | Scene, ViewLayer | Updating Geometry BVH Hoodie • centered zipper seam 51/59 | Building BVH
Fra:1 Mem:412.32M (Peak 488.13M) | Time:00:05.30 | Mem:66.37M, Peak:100.13M | Scene, ViewLayer | Updating Geometry BVH Hoodie • centered zipper seam 51/59 | Building OptiX acceleration structure
Fra:1 Mem:406.43M (Peak 488.13M) | Time:00:05.30 | Mem:55.77M, Peak:100.13M | Scene, ViewLayer | Updating Geometry BVH Sphere.005 52/59 | Building BVH
Fra:1 Mem:406.43M (Peak 488.13M) | Time:00:05.30 | Mem:55.77M, Peak:100.13M | Scene, ViewLayer | Updating Geometry BVH Sphere.005 52/59 | Building OptiX acceleration structure
Fra:1 Mem:406.10M (Peak 488.13M) | Time:00:05.30 | Mem:55.02M, Peak:100.13M | Scene, ViewLayer | Updating Geometry BVH Hoodie • soft drawcord -0.165 53/59 | Building BVH
Fra:1 Mem:406.10M (Peak 488.13M) | Time:00:05.30 | Mem:55.02M, Peak:100.13M | Scene, ViewLayer | Updating Geometry BVH Hoodie • soft drawcord -0.165 53/59 | Building OptiX acceleration structure
Fra:1 Mem:405.96M (Peak 488.13M) | Time:00:05.30 | Mem:54.17M, Peak:100.13M | Scene, ViewLayer | Updating Geometry BVH Sphere.006 54/59 | Building BVH
Fra:1 Mem:405.96M (Peak 488.13M) | Time:00:05.30 | Mem:54.17M, Peak:100.13M | Scene, ViewLayer | Updating Geometry BVH Sphere.006 54/59 | Building OptiX acceleration structure
Fra:1 Mem:405.27M (Peak 488.13M) | Time:00:05.30 | Mem:55.97M, Peak:100.13M | Scene, ViewLayer | Updating Geometry BVH Hoodie • soft drawcord 0.15 55/59 | Building BVH
Fra:1 Mem:405.27M (Peak 488.13M) | Time:00:05.30 | Mem:55.97M, Peak:100.13M | Scene, ViewLayer | Updating Geometry BVH Hoodie • soft drawcord 0.15 55/59 | Building OptiX acceleration structure
Fra:1 Mem:404.95M (Peak 488.13M) | Time:00:05.30 | Mem:54.44M, Peak:100.13M | Scene, ViewLayer | Updating Geometry BVH Sphere.007 56/59 | Building BVH
Fra:1 Mem:404.95M (Peak 488.13M) | Time:00:05.30 | Mem:54.60M, Peak:100.13M | Scene, ViewLayer | Updating Geometry BVH Sphere.007 56/59 | Building OptiX acceleration structure
Fra:1 Mem:404.91M (Peak 488.13M) | Time:00:05.30 | Mem:54.33M, Peak:100.13M | Scene, ViewLayer | Updating Geometry BVH Tail • continuous upright curl 57/59 | Building BVH
Fra:1 Mem:404.91M (Peak 488.13M) | Time:00:05.30 | Mem:54.33M, Peak:100.13M | Scene, ViewLayer | Updating Geometry BVH Tail • continuous upright curl 57/59 | Building OptiX acceleration structure
Fra:1 Mem:397.81M (Peak 488.13M) | Time:00:05.32 | Mem:55.10M, Peak:100.13M | Scene, ViewLayer | Updating Scene BVH | Building
Fra:1 Mem:397.81M (Peak 488.13M) | Time:00:05.32 | Mem:55.10M, Peak:100.13M | Scene, ViewLayer | Updating Scene BVH | Building OptiX acceleration structure
Fra:1 Mem:397.81M (Peak 488.13M) | Time:00:05.32 | Mem:55.11M, Peak:100.13M | Scene, ViewLayer | Updating Scene BVH | Copying BVH to device
Fra:1 Mem:397.81M (Peak 488.13M) | Time:00:05.32 | Mem:55.11M, Peak:100.13M | Scene, ViewLayer | Updating Mesh | Computing normals
Fra:1 Mem:451.71M (Peak 488.13M) | Time:00:05.34 | Mem:55.11M, Peak:100.13M | Scene, ViewLayer | Updating Mesh | Copying Mesh to device
Fra:1 Mem:451.71M (Peak 488.13M) | Time:00:05.35 | Mem:109.01M, Peak:109.01M | Scene, ViewLayer | Updating Objects Flags
Fra:1 Mem:451.71M (Peak 488.13M) | Time:00:05.35 | Mem:109.01M, Peak:109.01M | Scene, ViewLayer | Updating Primitive Offsets
Fra:1 Mem:451.71M (Peak 488.13M) | Time:00:05.35 | Mem:109.01M, Peak:109.01M | Scene, ViewLayer | Updating Images
Fra:1 Mem:451.71M (Peak 488.13M) | Time:00:05.35 | Mem:109.01M, Peak:109.01M | Scene, ViewLayer | Updating Camera Volume
Fra:1 Mem:451.71M (Peak 488.13M) | Time:00:05.35 | Mem:109.01M, Peak:109.01M | Scene, ViewLayer | Updating Lookup Tables
Fra:1 Mem:451.71M (Peak 488.13M) | Time:00:05.35 | Mem:109.09M, Peak:109.09M | Scene, ViewLayer | Updating Lights
Fra:1 Mem:451.71M (Peak 488.13M) | Time:00:05.35 | Mem:109.09M, Peak:109.09M | Scene, ViewLayer | Updating Lights | Computing distribution
Fra:1 Mem:451.71M (Peak 488.13M) | Time:00:05.35 | Mem:109.09M, Peak:109.09M | Scene, ViewLayer | Updating Lights | Computing tree
Fra:1 Mem:451.71M (Peak 488.13M) | Time:00:05.35 | Mem:109.09M, Peak:109.09M | Scene, ViewLayer | Updating Integrator
Fra:1 Mem:452.71M (Peak 488.13M) | Time:00:05.35 | Mem:110.09M, Peak:110.09M | Scene, ViewLayer | Updating Film
Fra:1 Mem:452.72M (Peak 488.13M) | Time:00:05.35 | Mem:110.01M, Peak:110.09M | Scene, ViewLayer | Updating Lookup Tables
Fra:1 Mem:452.72M (Peak 488.13M) | Time:00:05.35 | Mem:110.09M, Peak:110.09M | Scene, ViewLayer | Updating Baking
Fra:1 Mem:452.72M (Peak 488.13M) | Time:00:05.35 | Mem:110.09M, Peak:110.09M | Scene, ViewLayer | Updating Device | Writing constant memory
Fra:1 Mem:452.72M (Peak 488.13M) | Time:00:05.35 | Mem:110.09M, Peak:110.09M | Scene, ViewLayer | Loading denoising kernels (may take a few minutes the first time)
Fra:1 Mem:456.72M (Peak 488.13M) | Time:00:05.37 | Mem:450.10M, Peak:450.10M | Scene, ViewLayer | Sample 0/96
Fra:1 Mem:561.10M (Peak 561.10M) | Time:00:05.39 | Remaining:00:02.70 | Mem:554.47M, Peak:554.47M | Scene, ViewLayer | Sample 1/96
Fra:1 Mem:561.11M (Peak 561.11M) | Time:00:06.83 | Remaining:00:00.29 | Mem:554.48M, Peak:554.48M | Scene, ViewLayer | Sample 80/96
Fra:1 Mem:605.05M (Peak 670.98M) | Time:00:08.20 | Mem:554.48M, Peak:554.48M | Scene, ViewLayer | Sample 96/96
Fra:1 Mem:605.05M (Peak 670.98M) | Time:00:08.20 | Mem:554.48M, Peak:554.48M | Scene, ViewLayer | Finished
Saved: 'E:\code\catgrayprj\CatGrayWiki\logo\ip\model_3d\preview_hero.png'
Time: 00:08.35 (Saving: 00:00.09)

RENDER_VIEW body
Fra:1 Mem:371.54M (Peak 372.70M) | Time:00:05.01 | Mem:0.00M, Peak:0.00M | Scene, ViewLayer | Synchronizing object | Head • continuous shaped surface
Fra:1 Mem:371.54M (Peak 372.70M) | Time:00:05.02 | Mem:0.00M, Peak:0.00M | Scene, ViewLayer | Synchronizing object | Ear L • rounded outer shell • perimeter
Fra:1 Mem:376.04M (Peak 376.21M) | Time:00:05.02 | Mem:0.00M, Peak:0.00M | Scene, ViewLayer | Synchronizing object | Ear L • inset pink • perimeter
Fra:1 Mem:376.04M (Peak 376.21M) | Time:00:05.02 | Mem:0.00M, Peak:0.00M | Scene, ViewLayer | Synchronizing object | Ear L • inset pink
Fra:1 Mem:378.18M (Peak 378.39M) | Time:00:05.02 | Mem:0.00M, Peak:0.00M | Scene, ViewLayer | Synchronizing object | Ear R • rounded outer shell
Fra:1 Mem:378.18M (Peak 378.39M) | Time:00:05.02 | Mem:0.00M, Peak:0.00M | Scene, ViewLayer | Synchronizing object | Ear R • rounded outer shell • perimeter
Fra:1 Mem:380.47M (Peak 380.69M) | Time:00:05.02 | Mem:0.00M, Peak:0.00M | Scene, ViewLayer | Synchronizing object | Ear R • inset pink • perimeter
Fra:1 Mem:380.48M (Peak 380.69M) | Time:00:05.02 | Mem:0.00M, Peak:0.00M | Scene, ViewLayer | Synchronizing object | Ear R • inset pink
Fra:1 Mem:382.61M (Peak 382.82M) | Time:00:05.02 | Mem:0.00M, Peak:0.00M | Scene, ViewLayer | Synchronizing object | Eye L • charcoal socket
Fra:1 Mem:382.61M (Peak 382.82M) | Time:00:05.02 | Mem:0.00M, Peak:0.00M | Scene, ViewLayer | Synchronizing object | Eye L • honey crescent
Fra:1 Mem:384.25M (Peak 384.25M) | Time:00:05.02 | Mem:0.00M, Peak:0.00M | Scene, ViewLayer | Synchronizing object | Eye L • catchlight 1
Fra:1 Mem:384.29M (Peak 384.29M) | Time:00:05.02 | Mem:0.00M, Peak:0.00M | Scene, ViewLayer | Synchronizing object | Eye R • orange iris
Fra:1 Mem:384.32M (Peak 384.32M) | Time:00:05.02 | Mem:0.00M, Peak:0.00M | Scene, ViewLayer | Synchronizing object | Eye R • honey crescent
Fra:1 Mem:386.04M (Peak 386.04M) | Time:00:05.02 | Mem:0.00M, Peak:0.00M | Scene, ViewLayer | Synchronizing object | Eye R • catchlight 1
Fra:1 Mem:386.04M (Peak 386.04M) | Time:00:05.02 | Mem:0.00M, Peak:0.00M | Scene, ViewLayer | Synchronizing object | Face • pink tongue • perimeter
Fra:1 Mem:388.35M (Peak 388.56M) | Time:00:05.02 | Mem:0.00M, Peak:0.00M | Scene, ViewLayer | Synchronizing object | Face • philtrum
Fra:1 Mem:388.40M (Peak 388.56M) | Time:00:05.02 | Mem:0.00M, Peak:0.00M | Scene, ViewLayer | Synchronizing object | Face • smile L
Fra:1 Mem:388.53M (Peak 388.56M) | Time:00:05.02 | Mem:0.00M, Peak:0.00M | Scene, ViewLayer | Synchronizing object | Face • smile R
Fra:1 Mem:388.67M (Peak 388.67M) | Time:00:05.02 | Mem:0.00M, Peak:0.00M | Scene, ViewLayer | Synchronizing object | Hoodie • continuous torso and sleeves
Fra:1 Mem:394.43M (Peak 394.43M) | Time:00:05.02 | Mem:0.00M, Peak:0.00M | Scene, ViewLayer | Synchronizing object | Cuff L • inset hem stitch
Fra:1 Mem:423.30M (Peak 423.30M) | Time:00:05.02 | Mem:0.00M, Peak:0.00M | Scene, ViewLayer | Synchronizing object | Hand L • relaxed mitten
Fra:1 Mem:423.50M (Peak 423.50M) | Time:00:05.02 | Mem:0.00M, Peak:0.00M | Scene, ViewLayer | Synchronizing object | Cuff R • inset hem stitch
Fra:1 Mem:441.19M (Peak 441.19M) | Time:00:05.03 | Mem:0.00M, Peak:0.00M | Scene, ViewLayer | Synchronizing object | Hood • soft rolled outer hem
Fra:1 Mem:441.72M (Peak 441.72M) | Time:00:05.03 | Mem:0.00M, Peak:0.00M | Scene, ViewLayer | Synchronizing object | Hand R • relaxed mitten
Fra:1 Mem:444.65M (Peak 444.65M) | Time:00:05.03 | Mem:0.00M, Peak:0.00M | Scene, ViewLayer | Synchronizing object | Hood • continuous folded cloth
Fra:1 Mem:460.40M (Peak 460.40M) | Time:00:05.03 | Mem:0.00M, Peak:0.00M | Scene, ViewLayer | Synchronizing object | Hood • fine perimeter seam
Fra:1 Mem:472.31M (Peak 472.65M) | Time:00:05.03 | Mem:0.00M, Peak:0.00M | Scene, ViewLayer | Synchronizing object | Hood • neckline fold
Fra:1 Mem:473.41M (Peak 473.76M) | Time:00:05.04 | Mem:0.00M, Peak:0.00M | Scene, ViewLayer | Synchronizing object | Neckline • inset white undershirt
Fra:1 Mem:473.43M (Peak 473.76M) | Time:00:05.04 | Mem:0.00M, Peak:0.00M | Scene, ViewLayer | Synchronizing object | Pocket L • hand opening
Fra:1 Mem:478.10M (Peak 478.10M) | Time:00:05.04 | Mem:0.00M, Peak:0.00M | Scene, ViewLayer | Synchronizing object | Pocket L • topstitch
Fra:1 Mem:485.77M (Peak 485.77M) | Time:00:05.04 | Mem:0.00M, Peak:0.00M | Scene, ViewLayer | Synchronizing object | Pocket R • hand opening
Fra:1 Mem:485.77M (Peak 485.77M) | Time:00:05.04 | Mem:0.00M, Peak:0.00M | Scene, ViewLayer | Synchronizing object | Pocket R • sewn fabric panel
Fra:1 Mem:485.11M (Peak 488.32M) | Time:00:05.04 | Mem:0.00M, Peak:0.00M | Scene, ViewLayer | Synchronizing object | Pocket R • topstitch
Fra:1 Mem:487.02M (Peak 488.32M) | Time:00:05.04 | Mem:0.00M, Peak:0.00M | Scene, ViewLayer | Synchronizing object | Hoodie • centered zipper seam
Fra:1 Mem:487.05M (Peak 488.32M) | Time:00:05.04 | Mem:0.00M, Peak:0.00M | Scene, ViewLayer | Synchronizing object | Hoodie • flat zipper placket
Fra:1 Mem:487.32M (Peak 488.32M) | Time:00:05.04 | Mem:0.00M, Peak:0.00M | Scene, ViewLayer | Synchronizing object | Hoodie • small zipper pull
Fra:1 Mem:487.34M (Peak 488.32M) | Time:00:05.04 | Mem:0.00M, Peak:0.00M | Scene, ViewLayer | Synchronizing object | Hoodie • soft drawcord -0.165
Fra:1 Mem:487.52M (Peak 488.32M) | Time:00:05.04 | Mem:0.00M, Peak:0.00M | Scene, ViewLayer | Synchronizing object | Hoodie • soft drawcord 0.15
Fra:1 Mem:487.54M (Peak 488.32M) | Time:00:05.04 | Mem:0.00M, Peak:0.00M | Scene, ViewLayer | Synchronizing object | Hoodie • drawcord tip -0.165
Fra:1 Mem:487.68M (Peak 488.32M) | Time:00:05.04 | Mem:0.00M, Peak:0.00M | Scene, ViewLayer | Synchronizing object | Tail • continuous upright curl
Fra:1 Mem:487.73M (Peak 488.32M) | Time:00:05.04 | Mem:0.00M, Peak:0.00M | Scene, ViewLayer | Synchronizing object | Hoodie • drawcord tip 0.15
Fra:1 Mem:488.02M (Peak 488.32M) | Time:00:05.04 | Mem:0.00M, Peak:0.00M | Scene, ViewLayer | Synchronizing object | Tail • rounded tip
Fra:1 Mem:488.02M (Peak 488.32M) | Time:00:05.04 | Mem:0.00M, Peak:0.00M | Scene, ViewLayer | Synchronizing object | Studio floor
Fra:1 Mem:488.13M (Peak 488.32M) | Time:00:05.04 | Mem:0.00M, Peak:0.00M | Scene, ViewLayer | Initializing
Fra:1 Mem:354.84M (Peak 488.32M) | Time:00:05.05 | Mem:0.00M, Peak:0.00M | Scene, ViewLayer | Updating Images | Loading CatGray_Fur_BaseColor.png
Fra:1 Mem:363.89M (Peak 488.32M) | Time:00:05.15 | Mem:12.00M, Peak:12.00M | Scene, ViewLayer | Waiting for render to start
Fra:1 Mem:363.89M (Peak 488.32M) | Time:00:05.15 | Mem:12.00M, Peak:12.00M | Scene, ViewLayer | Loading render kernels (may take a few minutes the first time)
Fra:1 Mem:363.89M (Peak 488.32M) | Time:00:05.21 | Mem:12.02M, Peak:12.02M | Scene, ViewLayer | Updating Scene
Fra:1 Mem:363.89M (Peak 488.32M) | Time:00:05.21 | Mem:12.02M, Peak:12.02M | Scene, ViewLayer | Updating Shaders
Fra:1 Mem:363.99M (Peak 488.32M) | Time:00:05.21 | Mem:12.03M, Peak:12.03M | Scene, ViewLayer | Updating Procedurals
Fra:1 Mem:363.99M (Peak 488.32M) | Time:00:05.21 | Mem:12.03M, Peak:12.03M | Scene, ViewLayer | Updating Background
Fra:1 Mem:363.99M (Peak 488.32M) | Time:00:05.21 | Mem:12.03M, Peak:12.03M | Scene, ViewLayer | Updating Camera
Fra:1 Mem:363.99M (Peak 488.32M) | Time:00:05.21 | Mem:12.03M, Peak:12.03M | Scene, ViewLayer | Updating Meshes Flags
Fra:1 Mem:363.99M (Peak 488.32M) | Time:00:05.21 | Mem:12.03M, Peak:12.03M | Scene, ViewLayer | Updating Objects
Fra:1 Mem:363.99M (Peak 488.32M) | Time:00:05.21 | Mem:12.03M, Peak:12.03M | Scene, ViewLayer | Updating Objects | Copying Transformations to device
Fra:1 Mem:364.00M (Peak 488.32M) | Time:00:05.21 | Mem:12.04M, Peak:12.04M | Scene, ViewLayer | Updating Objects | Applying Static Transformations
Fra:1 Mem:364.00M (Peak 488.32M) | Time:00:05.21 | Mem:12.04M, Peak:12.04M | Scene, ViewLayer | Updating Particle Systems
Fra:1 Mem:364.00M (Peak 488.32M) | Time:00:05.21 | Mem:12.04M, Peak:12.04M | Scene, ViewLayer | Updating Particle Systems | Copying Particles to device
Fra:1 Mem:364.00M (Peak 488.32M) | Time:00:05.21 | Mem:12.04M, Peak:12.04M | Scene, ViewLayer | Updating Meshes
Fra:1 Mem:387.93M (Peak 488.32M) | Time:00:05.23 | Mem:12.04M, Peak:12.04M | Scene, ViewLayer | Updating Mesh | Computing attributes
Fra:1 Mem:397.82M (Peak 488.32M) | Time:00:05.23 | Mem:12.05M, Peak:12.05M | Scene, ViewLayer | Updating Mesh | Copying Attributes to device
Fra:1 Mem:397.81M (Peak 488.32M) | Time:00:05.24 | Mem:21.92M, Peak:21.92M | Scene, ViewLayer | Updating Geometry BVH Plane 59/59 | Building BVH
Fra:1 Mem:397.81M (Peak 488.32M) | Time:00:05.24 | Mem:21.92M, Peak:21.92M | Scene, ViewLayer | Updating Geometry BVH Sphere.001 16/59 | Building BVH
Fra:1 Mem:397.81M (Peak 488.32M) | Time:00:05.24 | Mem:21.92M, Peak:21.92M | Scene, ViewLayer | Updating Geometry BVH Eye R • amber outer edge 18/59 | Building BVH
Fra:1 Mem:397.81M (Peak 488.32M) | Time:00:05.24 | Mem:21.92M, Peak:21.92M | Scene, ViewLayer | Updating Geometry BVH Ear R • inset pink • perimeter 9/59 | Building OptiX acceleration structure
Fra:1 Mem:401.41M (Peak 488.32M) | Time:00:05.24 | Mem:25.73M, Peak:25.73M | Scene, ViewLayer | Updating Geometry BVH Eye R • pupil 20/59 | Building BVH
Fra:1 Mem:401.41M (Peak 488.32M) | Time:00:05.24 | Mem:25.73M, Peak:25.73M | Scene, ViewLayer | Updating Geometry BVH Eye R • pupil 20/59 | Building OptiX acceleration structure
Fra:1 Mem:401.42M (Peak 488.32M) | Time:00:05.24 | Mem:25.88M, Peak:25.88M | Scene, ViewLayer | Updating Geometry BVH Eye R • honey crescent 21/59 | Building BVH
Fra:1 Mem:401.42M (Peak 488.32M) | Time:00:05.24 | Mem:25.88M, Peak:25.88M | Scene, ViewLayer | Updating Geometry BVH Eye R • honey crescent 21/59 | Building OptiX acceleration structure
Fra:1 Mem:401.68M (Peak 488.32M) | Time:00:05.25 | Mem:25.92M, Peak:26.20M | Scene, ViewLayer | Updating Geometry BVH Sphere.002 22/59 | Building BVH
Fra:1 Mem:401.68M (Peak 488.32M) | Time:00:05.25 | Mem:26.01M, Peak:26.20M | Scene, ViewLayer | Updating Geometry BVH Sphere.002 22/59 | Building OptiX acceleration structure
Fra:1 Mem:401.68M (Peak 488.32M) | Time:00:05.25 | Mem:25.96M, Peak:26.20M | Scene, ViewLayer | Updating Geometry BVH Sphere.003 23/59 | Building BVH
Fra:1 Mem:401.68M (Peak 488.32M) | Time:00:05.25 | Mem:26.16M, Peak:26.20M | Scene, ViewLayer | Updating Geometry BVH Sphere.003 23/59 | Building OptiX acceleration structure
Fra:1 Mem:401.67M (Peak 488.32M) | Time:00:05.25 | Mem:26.20M, Peak:26.20M | Scene, ViewLayer | Updating Geometry BVH Face • little charcoal nose 24/59 | Building BVH
Fra:1 Mem:401.67M (Peak 488.32M) | Time:00:05.25 | Mem:26.20M, Peak:26.20M | Scene, ViewLayer | Updating Geometry BVH Face • little charcoal nose 24/59 | Building OptiX acceleration structure
Fra:1 Mem:401.65M (Peak 488.32M) | Time:00:05.25 | Mem:26.11M, Peak:26.21M | Scene, ViewLayer | Updating Geometry BVH Face • pink tongue 25/59 | Building BVH
Fra:1 Mem:401.65M (Peak 488.32M) | Time:00:05.25 | Mem:26.22M, Peak:26.22M | Scene, ViewLayer | Updating Geometry BVH Face • pink tongue 25/59 | Building OptiX acceleration structure
Fra:1 Mem:401.63M (Peak 488.32M) | Time:00:05.25 | Mem:26.23M, Peak:26.25M | Scene, ViewLayer | Updating Geometry BVH Face • pink tongue • perimeter 26/59 | Building BVH
Fra:1 Mem:401.63M (Peak 488.32M) | Time:00:05.25 | Mem:26.23M, Peak:26.25M | Scene, ViewLayer | Updating Geometry BVH Face • pink tongue • perimeter 26/59 | Building OptiX acceleration structure
Fra:1 Mem:402.12M (Peak 488.32M) | Time:00:05.25 | Mem:26.58M, Peak:26.76M | Scene, ViewLayer | Updating Geometry BVH Face • philtrum 27/59 | Building BVH
Fra:1 Mem:402.12M (Peak 488.32M) | Time:00:05.25 | Mem:26.58M, Peak:26.76M | Scene, ViewLayer | Updating Geometry BVH Face • philtrum 27/59 | Building OptiX acceleration structure
Fra:1 Mem:401.61M (Peak 488.32M) | Time:00:05.25 | Mem:26.90M, Peak:29.25M | Scene, ViewLayer | Updating Geometry BVH Face • smile L 28/59 | Building BVH
Fra:1 Mem:401.61M (Peak 488.32M) | Time:00:05.25 | Mem:26.90M, Peak:29.25M | Scene, ViewLayer | Updating Geometry BVH Face • smile L 28/59 | Building OptiX acceleration structure
Fra:1 Mem:400.96M (Peak 488.32M) | Time:00:05.25 | Mem:27.05M, Peak:29.35M | Scene, ViewLayer | Updating Geometry BVH Face • smile R 29/59 | Building BVH
Fra:1 Mem:400.96M (Peak 488.32M) | Time:00:05.25 | Mem:27.05M, Peak:29.35M | Scene, ViewLayer | Updating Geometry BVH Face • smile R 29/59 | Building OptiX acceleration structure
Fra:1 Mem:400.90M (Peak 488.32M) | Time:00:05.25 | Mem:26.97M, Peak:29.35M | Scene, ViewLayer | Updating Geometry BVH Hoodie • torso before tailoring 30/59 | Building BVH
Fra:1 Mem:400.90M (Peak 488.32M) | Time:00:05.25 | Mem:26.97M, Peak:29.35M | Scene, ViewLayer | Updating Geometry BVH Hoodie • torso before tailoring 30/59 | Building OptiX acceleration structure
Fra:1 Mem:406.62M (Peak 488.32M) | Time:00:05.25 | Mem:26.82M, Peak:29.35M | Scene, ViewLayer | Updating Geometry BVH Cuff L • rounded rib band 32/59 | Building BVH
Fra:1 Mem:406.62M (Peak 488.32M) | Time:00:05.25 | Mem:26.82M, Peak:29.35M | Scene, ViewLayer | Updating Geometry BVH Cuff L • rounded rib band 32/59 | Building OptiX acceleration structure
Fra:1 Mem:406.80M (Peak 488.32M) | Time:00:05.25 | Mem:26.82M, Peak:29.35M | Scene, ViewLayer | Updating Geometry BVH Leg L • complete paw silhouette 31/59 | Building BVH
Fra:1 Mem:406.80M (Peak 488.32M) | Time:00:05.25 | Mem:26.82M, Peak:29.35M | Scene, ViewLayer | Updating Geometry BVH Leg L • complete paw silhouette 31/59 | Building OptiX acceleration structure
Fra:1 Mem:416.06M (Peak 488.32M) | Time:00:05.25 | Mem:27.03M, Peak:29.66M | Scene, ViewLayer | Updating Geometry BVH Cuff L • inset hem stitch 33/59 | Building BVH
Fra:1 Mem:416.06M (Peak 488.32M) | Time:00:05.25 | Mem:27.03M, Peak:29.66M | Scene, ViewLayer | Updating Geometry BVH Cuff L • inset hem stitch 33/59 | Building OptiX acceleration structure
Fra:1 Mem:416.48M (Peak 488.32M) | Time:00:05.25 | Mem:27.03M, Peak:29.66M | Scene, ViewLayer | Updating Geometry BVH Sphere.008 58/59 | Building BVH
Fra:1 Mem:416.76M (Peak 488.32M) | Time:00:05.25 | Mem:27.03M, Peak:29.66M | Scene, ViewLayer | Updating Geometry BVH Sphere.008 58/59 | Building OptiX acceleration structure
Fra:1 Mem:416.80M (Peak 488.32M) | Time:00:05.26 | Mem:43.34M, Peak:43.43M | Scene, ViewLayer | Updating Geometry BVH Hand L • relaxed mitten 34/59 | Building BVH
Fra:1 Mem:416.80M (Peak 488.32M) | Time:00:05.26 | Mem:43.34M, Peak:43.43M | Scene, ViewLayer | Updating Geometry BVH Hand L • relaxed mitten 34/59 | Building OptiX acceleration structure
Fra:1 Mem:416.62M (Peak 488.32M) | Time:00:05.26 | Mem:44.90M, Peak:46.34M | Scene, ViewLayer | Updating Geometry BVH Cuff R • rounded rib band 35/59 | Building BVH
Fra:1 Mem:416.62M (Peak 488.32M) | Time:00:05.26 | Mem:44.90M, Peak:46.34M | Scene, ViewLayer | Updating Geometry BVH Cuff R • rounded rib band 35/59 | Building OptiX acceleration structure
Fra:1 Mem:416.27M (Peak 488.32M) | Time:00:05.26 | Mem:44.64M, Peak:46.49M | Scene, ViewLayer | Updating Geometry BVH Cuff R • inset hem stitch 36/59 | Building BVH
Fra:1 Mem:416.27M (Peak 488.32M) | Time:00:05.26 | Mem:44.64M, Peak:46.49M | Scene, ViewLayer | Updating Geometry BVH Cuff R • inset hem stitch 36/59 | Building OptiX acceleration structure
Fra:1 Mem:416.65M (Peak 488.32M) | Time:00:05.26 | Mem:44.84M, Peak:46.49M | Scene, ViewLayer | Updating Geometry BVH Hand R • relaxed mitten 37/59 | Building BVH
Fra:1 Mem:416.65M (Peak 488.32M) | Time:00:05.26 | Mem:44.84M, Peak:46.49M | Scene, ViewLayer | Updating Geometry BVH Hand R • relaxed mitten 37/59 | Building OptiX acceleration structure
Fra:1 Mem:416.96M (Peak 488.32M) | Time:00:05.27 | Mem:45.19M, Peak:46.49M | Scene, ViewLayer | Updating Geometry BVH Hood • continuous folded cloth 38/59 | Building BVH
Fra:1 Mem:416.96M (Peak 488.32M) | Time:00:05.27 | Mem:45.19M, Peak:46.49M | Scene, ViewLayer | Updating Geometry BVH Hood • continuous folded cloth 38/59 | Building OptiX acceleration structure
Fra:1 Mem:418.21M (Peak 488.32M) | Time:00:05.27 | Mem:46.48M, Peak:46.49M | Scene, ViewLayer | Updating Geometry BVH Hood • soft rolled outer hem 39/59 | Building BVH
Fra:1 Mem:418.21M (Peak 488.32M) | Time:00:05.27 | Mem:46.48M, Peak:46.49M | Scene, ViewLayer | Updating Geometry BVH Hood • soft rolled outer hem 39/59 | Building OptiX acceleration structure
Fra:1 Mem:418.77M (Peak 488.32M) | Time:00:05.27 | Mem:47.35M, Peak:48.77M | Scene, ViewLayer | Updating Geometry BVH Hood • fine perimeter seam 40/59 | Building BVH
Fra:1 Mem:418.77M (Peak 488.32M) | Time:00:05.27 | Mem:47.35M, Peak:48.77M | Scene, ViewLayer | Updating Geometry BVH Hood • fine perimeter seam 40/59 | Building OptiX acceleration structure
Fra:1 Mem:419.61M (Peak 488.32M) | Time:00:05.27 | Mem:48.23M, Peak:48.77M | Scene, ViewLayer | Updating Geometry BVH Hood • neckline fold 41/59 | Building BVH
Fra:1 Mem:419.61M (Peak 488.32M) | Time:00:05.27 | Mem:48.23M, Peak:48.77M | Scene, ViewLayer | Updating Geometry BVH Hood • neckline fold 41/59 | Building OptiX acceleration structure
Fra:1 Mem:420.46M (Peak 488.32M) | Time:00:05.27 | Mem:48.93M, Peak:49.07M | Scene, ViewLayer | Updating Geometry BVH Neckline • inset white undershirt 42/59 | Building BVH
Fra:1 Mem:420.46M (Peak 488.32M) | Time:00:05.27 | Mem:49.03M, Peak:49.07M | Scene, ViewLayer | Updating Geometry BVH Neckline • inset white undershirt 42/59 | Building OptiX acceleration structure
Fra:1 Mem:420.46M (Peak 488.32M) | Time:00:05.27 | Mem:49.07M, Peak:49.07M | Scene, ViewLayer | Updating Geometry BVH Hoodie • soft waistband 43/59 | Building BVH
Fra:1 Mem:420.46M (Peak 488.32M) | Time:00:05.27 | Mem:49.07M, Peak:49.07M | Scene, ViewLayer | Updating Geometry BVH Hoodie • soft waistband 43/59 | Building OptiX acceleration structure
Fra:1 Mem:420.81M (Peak 488.32M) | Time:00:05.27 | Mem:49.33M, Peak:49.42M | Scene, ViewLayer | Updating Geometry BVH Pocket L • sewn fabric panel 44/59 | Building BVH
Fra:1 Mem:420.81M (Peak 488.32M) | Time:00:05.27 | Mem:49.33M, Peak:49.42M | Scene, ViewLayer | Updating Geometry BVH Pocket L • sewn fabric panel 44/59 | Building OptiX acceleration structure
Fra:1 Mem:420.38M (Peak 488.32M) | Time:00:05.27 | Mem:49.53M, Peak:52.09M | Scene, ViewLayer | Updating Geometry BVH Pocket L • hand opening 45/59 | Building BVH
Fra:1 Mem:420.38M (Peak 488.32M) | Time:00:05.27 | Mem:49.53M, Peak:52.09M | Scene, ViewLayer | Updating Geometry BVH Pocket L • hand opening 45/59 | Building OptiX acceleration structure
Fra:1 Mem:421.07M (Peak 488.32M) | Time:00:05.27 | Mem:50.34M, Peak:52.09M | Scene, ViewLayer | Updating Geometry BVH Pocket L • topstitch 46/59 | Building BVH
Fra:1 Mem:421.07M (Peak 488.32M) | Time:00:05.27 | Mem:50.34M, Peak:52.09M | Scene, ViewLayer | Updating Geometry BVH Pocket L • topstitch 46/59 | Building OptiX acceleration structure
Fra:1 Mem:421.52M (Peak 488.32M) | Time:00:05.27 | Mem:50.66M, Peak:52.09M | Scene, ViewLayer | Updating Geometry BVH Pocket R • sewn fabric panel 47/59 | Building BVH
Fra:1 Mem:421.52M (Peak 488.32M) | Time:00:05.27 | Mem:50.83M, Peak:52.09M | Scene, ViewLayer | Updating Geometry BVH Pocket R • sewn fabric panel 47/59 | Building OptiX acceleration structure
Fra:1 Mem:421.59M (Peak 488.32M) | Time:00:05.27 | Mem:51.68M, Peak:52.09M | Scene, ViewLayer | Updating Geometry BVH Pocket R • hand opening 48/59 | Building BVH
Fra:1 Mem:421.59M (Peak 488.32M) | Time:00:05.27 | Mem:51.68M, Peak:52.09M | Scene, ViewLayer | Updating Geometry BVH Pocket R • hand opening 48/59 | Building OptiX acceleration structure
Fra:1 Mem:422.11M (Peak 488.32M) | Time:00:05.27 | Mem:51.80M, Peak:52.20M | Scene, ViewLayer | Updating Geometry BVH Pocket R • topstitch 49/59 | Building BVH
Fra:1 Mem:422.11M (Peak 488.32M) | Time:00:05.27 | Mem:51.80M, Peak:52.20M | Scene, ViewLayer | Updating Geometry BVH Pocket R • topstitch 49/59 | Building OptiX acceleration structure
Fra:1 Mem:422.54M (Peak 488.32M) | Time:00:05.28 | Mem:52.00M, Peak:52.28M | Scene, ViewLayer | Updating Geometry BVH Tail • continuous upright curl 57/59 | Building BVH
Fra:1 Mem:422.54M (Peak 488.32M) | Time:00:05.28 | Mem:52.00M, Peak:52.28M | Scene, ViewLayer | Updating Geometry BVH Tail • continuous upright curl 57/59 | Building OptiX acceleration structure
Fra:1 Mem:421.91M (Peak 488.32M) | Time:00:05.28 | Mem:52.10M, Peak:55.62M | Scene, ViewLayer | Updating Geometry BVH Hoodie • flat zipper placket 50/59 | Building BVH
Fra:1 Mem:421.91M (Peak 488.32M) | Time:00:05.28 | Mem:52.10M, Peak:55.62M | Scene, ViewLayer | Updating Geometry BVH Hoodie • flat zipper placket 50/59 | Building OptiX acceleration structure
Fra:1 Mem:416.01M (Peak 488.32M) | Time:00:05.28 | Mem:101.31M, Peak:101.31M | Scene, ViewLayer | Updating Geometry BVH Hoodie • centered zipper seam 51/59 | Building BVH
Fra:1 Mem:416.01M (Peak 488.32M) | Time:00:05.28 | Mem:101.31M, Peak:101.31M | Scene, ViewLayer | Updating Geometry BVH Hoodie • centered zipper seam 51/59 | Building OptiX acceleration structure
Fra:1 Mem:406.45M (Peak 488.32M) | Time:00:05.29 | Mem:55.49M, Peak:101.34M | Scene, ViewLayer | Updating Geometry BVH Sphere.005 52/59 | Building BVH
Fra:1 Mem:406.45M (Peak 488.32M) | Time:00:05.29 | Mem:54.51M, Peak:101.34M | Scene, ViewLayer | Updating Geometry BVH Sphere.005 52/59 | Building OptiX acceleration structure
Fra:1 Mem:406.12M (Peak 488.32M) | Time:00:05.29 | Mem:54.57M, Peak:101.34M | Scene, ViewLayer | Updating Geometry BVH Hoodie • soft drawcord -0.165 53/59 | Building BVH
Fra:1 Mem:406.12M (Peak 488.32M) | Time:00:05.29 | Mem:54.58M, Peak:101.34M | Scene, ViewLayer | Updating Geometry BVH Hoodie • soft drawcord -0.165 53/59 | Building OptiX acceleration structure
Fra:1 Mem:405.98M (Peak 488.32M) | Time:00:05.29 | Mem:54.26M, Peak:101.34M | Scene, ViewLayer | Updating Geometry BVH Sphere.006 54/59 | Building BVH
Fra:1 Mem:405.98M (Peak 488.32M) | Time:00:05.29 | Mem:54.26M, Peak:101.34M | Scene, ViewLayer | Updating Geometry BVH Sphere.006 54/59 | Building OptiX acceleration structure
Fra:1 Mem:405.29M (Peak 488.32M) | Time:00:05.29 | Mem:55.08M, Peak:101.34M | Scene, ViewLayer | Updating Geometry BVH Hoodie • soft drawcord 0.15 55/59 | Building BVH
Fra:1 Mem:405.29M (Peak 488.32M) | Time:00:05.29 | Mem:55.08M, Peak:101.34M | Scene, ViewLayer | Updating Geometry BVH Hoodie • soft drawcord 0.15 55/59 | Building OptiX acceleration structure
Fra:1 Mem:404.97M (Peak 488.32M) | Time:00:05.29 | Mem:57.28M, Peak:101.34M | Scene, ViewLayer | Updating Geometry BVH Sphere.007 56/59 | Building BVH
Fra:1 Mem:404.97M (Peak 488.32M) | Time:00:05.29 | Mem:57.28M, Peak:101.34M | Scene, ViewLayer | Updating Geometry BVH Sphere.007 56/59 | Building OptiX acceleration structure
Fra:1 Mem:397.81M (Peak 488.32M) | Time:00:05.30 | Mem:55.10M, Peak:101.34M | Scene, ViewLayer | Updating Scene BVH | Building
Fra:1 Mem:397.81M (Peak 488.32M) | Time:00:05.30 | Mem:55.10M, Peak:101.34M | Scene, ViewLayer | Updating Scene BVH | Building OptiX acceleration structure
Fra:1 Mem:397.81M (Peak 488.32M) | Time:00:05.30 | Mem:55.11M, Peak:101.34M | Scene, ViewLayer | Updating Scene BVH | Copying BVH to device
Fra:1 Mem:397.81M (Peak 488.32M) | Time:00:05.30 | Mem:55.11M, Peak:101.34M | Scene, ViewLayer | Updating Mesh | Computing normals
Fra:1 Mem:451.71M (Peak 488.32M) | Time:00:05.32 | Mem:55.11M, Peak:101.34M | Scene, ViewLayer | Updating Mesh | Copying Mesh to device
Fra:1 Mem:451.71M (Peak 488.32M) | Time:00:05.34 | Mem:109.01M, Peak:109.01M | Scene, ViewLayer | Updating Objects Flags
Fra:1 Mem:451.71M (Peak 488.32M) | Time:00:05.34 | Mem:109.01M, Peak:109.01M | Scene, ViewLayer | Updating Primitive Offsets
Fra:1 Mem:451.71M (Peak 488.32M) | Time:00:05.34 | Mem:109.01M, Peak:109.01M | Scene, ViewLayer | Updating Images
Fra:1 Mem:451.71M (Peak 488.32M) | Time:00:05.34 | Mem:109.01M, Peak:109.01M | Scene, ViewLayer | Updating Camera Volume
Fra:1 Mem:451.71M (Peak 488.32M) | Time:00:05.34 | Mem:109.01M, Peak:109.01M | Scene, ViewLayer | Updating Lookup Tables
Fra:1 Mem:451.71M (Peak 488.32M) | Time:00:05.34 | Mem:109.09M, Peak:109.09M | Scene, ViewLayer | Updating Lights
Fra:1 Mem:451.71M (Peak 488.32M) | Time:00:05.34 | Mem:109.09M, Peak:109.09M | Scene, ViewLayer | Updating Lights | Computing distribution
Fra:1 Mem:451.71M (Peak 488.32M) | Time:00:05.34 | Mem:109.09M, Peak:109.09M | Scene, ViewLayer | Updating Lights | Computing tree
Fra:1 Mem:451.71M (Peak 488.32M) | Time:00:05.34 | Mem:109.09M, Peak:109.09M | Scene, ViewLayer | Updating Integrator
Fra:1 Mem:452.71M (Peak 488.32M) | Time:00:05.34 | Mem:110.09M, Peak:110.09M | Scene, ViewLayer | Updating Film
Fra:1 Mem:452.72M (Peak 488.32M) | Time:00:05.34 | Mem:110.01M, Peak:110.09M | Scene, ViewLayer | Updating Lookup Tables
Fra:1 Mem:452.72M (Peak 488.32M) | Time:00:05.34 | Mem:110.09M, Peak:110.09M | Scene, ViewLayer | Updating Baking
Fra:1 Mem:452.72M (Peak 488.32M) | Time:00:05.34 | Mem:110.09M, Peak:110.09M | Scene, ViewLayer | Updating Device | Writing constant memory
Fra:1 Mem:452.72M (Peak 488.32M) | Time:00:05.34 | Mem:110.09M, Peak:110.09M | Scene, ViewLayer | Loading denoising kernels (may take a few minutes the first time)
Fra:1 Mem:456.72M (Peak 488.32M) | Time:00:05.35 | Mem:450.10M, Peak:450.10M | Scene, ViewLayer | Sample 0/96
Fra:1 Mem:561.10M (Peak 561.10M) | Time:00:05.38 | Remaining:00:03.27 | Mem:554.47M, Peak:554.47M | Scene, ViewLayer | Sample 1/96
Fra:1 Mem:561.11M (Peak 561.11M) | Time:00:07.25 | Remaining:00:00.38 | Mem:554.48M, Peak:554.48M | Scene, ViewLayer | Sample 80/96
Fra:1 Mem:605.05M (Peak 670.97M) | Time:00:08.81 | Mem:554.48M, Peak:554.48M | Scene, ViewLayer | Sample 96/96
Fra:1 Mem:605.05M (Peak 670.97M) | Time:00:08.81 | Mem:554.48M, Peak:554.48M | Scene, ViewLayer | Finished
Saved: 'E:\code\catgrayprj\CatGrayWiki\logo\ip\model_3d\preview_body.png'
Time: 00:08.98 (Saving: 00:00.09)

Info: Saved "CatGray_IP.blend"
CATGRAY_COMPLETE {"objects": 58, "vertices": 785841, "triangles": 1568414, "materials": ["Ear rims | reference #747474", "Eyes | painted white catchlights", "Fur | UV painted tabby stripes", "Fur | reference #979797", "Hoodie | quiet topstitch", "Hoodie | recessed seam shade", "Hoodie | reference #575555", "Hoodie | rounded folded edge", "Hoodie | soft rib knit", "Inner ears | reference #FFA3A3", "Iris | deep amber edge", "Iris | golden orange", "Iris | lower honey highlight", "Nose | reference #2D2D2D", "Outlines and seams | charcoal", "Pupil | round black", "Tongue | warm pink", "Undershirt | white neckline only"], "dimensions_blender_units": [3.65, 3.4084, 4.355], "body_revision": {"revision": "v2_continuous_body", "garment_object": "Hoodie \u2022 continuous torso and sleeves", "legs_object": "Body \u2022 connected pelvis legs and paws", "hood_object": "Hood \u2022 continuous folded cloth", "notes": "Continuous shoulders and sleeves, draped thick hood, integrated legs and paws."}, "world_bounds": {"min": [-1.8249813318252563, -1.6464462280273438, 0.0], "max": [1.8249813318252563, 1.7619999647140503, 4.355000019073486]}}

Blender quit
